-- phpMyAdmin SQL Dump
-- version 4.8.2
-- https://www.phpmyadmin.net/
--
-- Host: 127.0.0.1
-- Generation Time: Nov 21, 2018 at 07:17 AM
-- Server version: 10.1.34-MariaDB
-- PHP Version: 7.0.31

SET SQL_MODE = "NO_AUTO_VALUE_ON_ZERO";
SET AUTOCOMMIT = 0;
START TRANSACTION;
SET time_zone = "+00:00";


/*!40101 SET @OLD_CHARACTER_SET_CLIENT=@@CHARACTER_SET_CLIENT */;
/*!40101 SET @OLD_CHARACTER_SET_RESULTS=@@CHARACTER_SET_RESULTS */;
/*!40101 SET @OLD_COLLATION_CONNECTION=@@COLLATION_CONNECTION */;
/*!40101 SET NAMES utf8mb4 */;

--
-- Database: `check_smt`
--

-- --------------------------------------------------------

--
-- Table structure for table `auth_assignment`
--

CREATE TABLE `auth_assignment` (
  `item_name` varchar(64) COLLATE utf8_unicode_ci NOT NULL,
  `user_id` varchar(64) COLLATE utf8_unicode_ci NOT NULL,
  `created_at` int(11) DEFAULT NULL
) ENGINE=MyISAM DEFAULT CHARSET=utf8 COLLATE=utf8_unicode_ci;

--
-- Dumping data for table `auth_assignment`
--

INSERT INTO `auth_assignment` (`item_name`, `user_id`, `created_at`) VALUES
('admin', '1', 1540518063),
('security', '2', 1540521163),
('security', '3', 1540538422),
('security', '4', 1540538432),
('Production', '3', 1540538847),
('QC', '4', 1540538892);

-- --------------------------------------------------------

--
-- Table structure for table `auth_item`
--

CREATE TABLE `auth_item` (
  `name` varchar(64) COLLATE utf8_unicode_ci NOT NULL,
  `type` int(11) NOT NULL,
  `description` text COLLATE utf8_unicode_ci,
  `rule_name` varchar(64) COLLATE utf8_unicode_ci DEFAULT NULL,
  `data` text COLLATE utf8_unicode_ci,
  `created_at` int(11) DEFAULT NULL,
  `updated_at` int(11) DEFAULT NULL
) ENGINE=MyISAM DEFAULT CHARSET=utf8 COLLATE=utf8_unicode_ci;

--
-- Dumping data for table `auth_item`
--

INSERT INTO `auth_item` (`name`, `type`, `description`, `rule_name`, `data`, `created_at`, `updated_at`) VALUES
('/*', 2, NULL, NULL, NULL, 1540625709, 1540625709),
('admin', 1, 'Admin', NULL, NULL, 1540518049, 1540518049),
('/user/security/*', 2, NULL, NULL, NULL, 1540521122, 1540521122),
('security', 1, 'security', NULL, NULL, 1540521151, 1540521151),
('/start-program/*', 2, NULL, NULL, NULL, 1540538801, 1540538801),
('/start-detail/*', 2, NULL, NULL, NULL, 1540538808, 1540538808),
('Production', 1, 'Production', NULL, NULL, 1540538831, 1542600491),
('/qc-confirm/*', 2, NULL, NULL, NULL, 1540538862, 1540538862),
('QC', 1, 'QC', NULL, NULL, 1540538887, 1540538999),
('/joid-part/*', 2, NULL, NULL, NULL, 1540873955, 1540873955),
('/qc-confirm-joid/*', 2, NULL, NULL, NULL, 1540873971, 1540873971),
('/start-main/*', 2, NULL, NULL, NULL, 1542600483, 1542600483),
('PE', 1, NULL, NULL, NULL, 1542767698, 1542767698),
('/program/*', 2, NULL, NULL, NULL, 1542767726, 1542767726);

-- --------------------------------------------------------

--
-- Table structure for table `auth_item_child`
--

CREATE TABLE `auth_item_child` (
  `parent` varchar(64) COLLATE utf8_unicode_ci NOT NULL,
  `child` varchar(64) COLLATE utf8_unicode_ci NOT NULL
) ENGINE=MyISAM DEFAULT CHARSET=utf8 COLLATE=utf8_unicode_ci;

--
-- Dumping data for table `auth_item_child`
--

INSERT INTO `auth_item_child` (`parent`, `child`) VALUES
('admin', '/*'),
('PE', 'security'),
('Production', '/joid-part/*'),
('Production', '/start-detail/*'),
('Production', '/start-main/*'),
('Production', '/start-program/*'),
('QC', '/qc-confirm-joid/*'),
('QC', '/qc-confirm/*'),
('security', '/user/security/*');

-- --------------------------------------------------------

--
-- Table structure for table `auth_rule`
--

CREATE TABLE `auth_rule` (
  `name` varchar(64) COLLATE utf8_unicode_ci NOT NULL,
  `data` text COLLATE utf8_unicode_ci,
  `created_at` int(11) DEFAULT NULL,
  `updated_at` int(11) DEFAULT NULL
) ENGINE=MyISAM DEFAULT CHARSET=utf8 COLLATE=utf8_unicode_ci;

-- --------------------------------------------------------

--
-- Table structure for table `check_status`
--

CREATE TABLE `check_status` (
  `id` int(11) NOT NULL,
  `name` varchar(45) NOT NULL
) ENGINE=InnoDB DEFAULT CHARSET=utf8;

--
-- Dumping data for table `check_status`
--

INSERT INTO `check_status` (`id`, `name`) VALUES
(1, 'Inactive'),
(2, 'Active'),
(3, 'Wait');

-- --------------------------------------------------------

--
-- Table structure for table `confirm_detail`
--

CREATE TABLE `confirm_detail` (
  `id` int(11) NOT NULL,
  `qc_confirm_idqc_confirm` int(11) NOT NULL,
  `check_feeder` int(11) NOT NULL,
  `check_part` int(11) NOT NULL,
  `lot_no` varchar(50) NOT NULL,
  `total` int(11) NOT NULL
) ENGINE=InnoDB DEFAULT CHARSET=utf8;

-- --------------------------------------------------------

--
-- Table structure for table `confirm_start`
--

CREATE TABLE `confirm_start` (
  `id` int(11) NOT NULL,
  `start_program_id` int(11) NOT NULL,
  `qc_emp` int(11) NOT NULL
) ENGINE=InnoDB DEFAULT CHARSET=utf8;

-- --------------------------------------------------------

--
-- Table structure for table `confirm_type`
--

CREATE TABLE `confirm_type` (
  `id` int(11) NOT NULL,
  `name` varchar(50) NOT NULL
) ENGINE=InnoDB DEFAULT CHARSET=utf8;

--
-- Dumping data for table `confirm_type`
--

INSERT INTO `confirm_type` (`id`, `name`) VALUES
(1, 'Up Part'),
(2, 'Joid Part');

-- --------------------------------------------------------

--
-- Table structure for table `customer`
--

CREATE TABLE `customer` (
  `id` int(11) NOT NULL,
  `name` varchar(45) NOT NULL
) ENGINE=InnoDB DEFAULT CHARSET=utf8;

--
-- Dumping data for table `customer`
--

INSERT INTO `customer` (`id`, `name`) VALUES
(1, 'DELTA');

-- --------------------------------------------------------

--
-- Table structure for table `direction`
--

CREATE TABLE `direction` (
  `id` int(11) NOT NULL,
  `name` varchar(45) NOT NULL
) ENGINE=InnoDB DEFAULT CHARSET=utf8;

--
-- Dumping data for table `direction`
--

INSERT INTO `direction` (`id`, `name`) VALUES
(1, 'L'),
(2, 'R'),
(3, 'Null');

-- --------------------------------------------------------

--
-- Table structure for table `feeder`
--

CREATE TABLE `feeder` (
  `id` int(11) NOT NULL,
  `name` varchar(45) NOT NULL,
  `size` varchar(45) NOT NULL,
  `direction_id` int(11) NOT NULL,
  `table_machine_id` int(11) NOT NULL,
  `machine_id` int(11) NOT NULL,
  `Line_id` int(11) NOT NULL,
  `feeder_point_id` int(11) NOT NULL,
  `barcode_feeder` varchar(50) NOT NULL
) ENGINE=InnoDB DEFAULT CHARSET=utf8;

--
-- Dumping data for table `feeder`
--

INSERT INTO `feeder` (`id`, `name`, `size`, `direction_id`, `table_machine_id`, `machine_id`, `Line_id`, `feeder_point_id`, `barcode_feeder`) VALUES
(1, 'LINE 1 CM402#1 TBL 1', '', 1, 1, 1, 1, 1, '1111L'),
(2, 'LINE 1 CM402#1 TBL 1', '', 1, 1, 1, 1, 2, '1112L'),
(3, 'LINE 1 CM402#1 TBL 1', '', 1, 1, 1, 1, 3, '1113L'),
(4, 'LINE 1 CM402#1 TBL 1', '', 1, 1, 1, 1, 4, '1114L'),
(5, 'LINE 1 CM402#1 TBL 1', '', 1, 1, 1, 1, 5, '1115L'),
(6, 'LINE 1 CM402#1 TBL 1', '', 1, 1, 1, 1, 6, '1116L'),
(7, 'LINE 1 CM402#1 TBL 1', '', 1, 1, 1, 1, 7, '1117L'),
(8, 'LINE 1 CM402#1 TBL 1', '', 1, 1, 1, 1, 8, '1118L'),
(9, 'LINE 1 CM402#1 TBL 1', '', 1, 1, 1, 1, 9, '1119L'),
(10, 'LINE 1 CM402#1 TBL 1', '', 1, 1, 1, 1, 10, '11110L'),
(11, 'LINE 1 CM402#1 TBL 1', '', 1, 1, 1, 1, 11, '11111L'),
(12, 'LINE 1 CM402#1 TBL 1', '', 1, 1, 1, 1, 12, '11112L'),
(13, 'LINE 1 CM402#1 TBL 1', '', 1, 1, 1, 1, 13, '11113L'),
(14, 'LINE 1 CM402#1 TBL 1', '', 1, 1, 1, 1, 14, '11114L'),
(15, 'LINE 1 CM402#1 TBL 1', '', 1, 1, 1, 1, 15, '11115L'),
(16, 'LINE 1 CM402#1 TBL 1', '', 1, 1, 1, 1, 16, '11116L'),
(17, 'LINE 1 CM402#1 TBL 1', '', 1, 1, 1, 1, 17, '11117L'),
(18, 'LINE 1 CM402#1 TBL 1', '', 1, 1, 1, 1, 18, '11118L'),
(19, 'LINE 1 CM402#1 TBL 1', '', 1, 1, 1, 1, 19, '11119L'),
(20, 'LINE 1 CM402#1 TBL 1', '', 1, 1, 1, 1, 20, '11120L'),
(21, 'LINE 1 CM402#1 TBL 1', '', 1, 1, 1, 1, 21, '11121L'),
(22, 'LINE 1 CM402#1 TBL 1', '', 1, 1, 1, 1, 22, '11122L'),
(23, 'LINE 1 CM402#1 TBL 1', '', 1, 1, 1, 1, 23, '11123L'),
(24, 'LINE 1 CM402#1 TBL 1', '', 1, 1, 1, 1, 24, '11124L'),
(25, 'LINE 1 CM402#1 TBL 1', '', 1, 1, 1, 1, 25, '11125L'),
(26, 'LINE 1 CM402#1 TBL 1', '', 1, 1, 1, 1, 26, '11126L'),
(27, 'LINE 1 CM402#1 TBL 1', '', 1, 1, 1, 1, 27, '11127L'),
(28, 'LINE 1 CM402#1 TBL 1', '', 2, 1, 1, 1, 1, '1111R'),
(29, 'LINE 1 CM402#1 TBL 1', '', 2, 1, 1, 1, 2, '1112R'),
(30, 'LINE 1 CM402#1 TBL 1', '', 2, 1, 1, 1, 3, '1113R'),
(31, 'LINE 1 CM402#1 TBL 1', '', 2, 1, 1, 1, 4, '1114R'),
(32, 'LINE 1 CM402#1 TBL 1', '', 2, 1, 1, 1, 5, '1115R'),
(33, 'LINE 1 CM402#1 TBL 1', '', 2, 1, 1, 1, 6, '1116R'),
(34, 'LINE 1 CM402#1 TBL 1', '', 2, 1, 1, 1, 7, '1117R'),
(35, 'LINE 1 CM402#1 TBL 1', '', 2, 1, 1, 1, 8, '1118R'),
(36, 'LINE 1 CM402#1 TBL 1', '', 2, 1, 1, 1, 9, '1119R'),
(37, 'LINE 1 CM402#1 TBL 1', '', 2, 1, 1, 1, 10, '11110R'),
(38, 'LINE 1 CM402#1 TBL 1', '', 2, 1, 1, 1, 11, '11111R'),
(39, 'LINE 1 CM402#1 TBL 1', '', 2, 1, 1, 1, 12, '11112R'),
(40, 'LINE 1 CM402#1 TBL 1', '', 2, 1, 1, 1, 13, '11113R'),
(41, 'LINE 1 CM402#1 TBL 1', '', 2, 1, 1, 1, 14, '11114R'),
(42, 'LINE 1 CM402#1 TBL 1', '', 2, 1, 1, 1, 15, '11115R'),
(43, 'LINE 1 CM402#1 TBL 1', '', 2, 1, 1, 1, 16, '11116R'),
(44, 'LINE 1 CM402#1 TBL 1', '', 2, 1, 1, 1, 17, '11117R'),
(45, 'LINE 1 CM402#1 TBL 1', '', 2, 1, 1, 1, 18, '11118R'),
(46, 'LINE 1 CM402#1 TBL 1', '', 2, 1, 1, 1, 19, '11119R'),
(47, 'LINE 1 CM402#1 TBL 1', '', 2, 1, 1, 1, 20, '11120R'),
(48, 'LINE 1 CM402#1 TBL 1', '', 2, 1, 1, 1, 21, '11121R'),
(49, 'LINE 1 CM402#1 TBL 1', '', 2, 1, 1, 1, 22, '11122R'),
(50, 'LINE 1 CM402#1 TBL 1', '', 2, 1, 1, 1, 23, '11123R'),
(51, 'LINE 1 CM402#1 TBL 1', '', 2, 1, 1, 1, 24, '11124R'),
(52, 'LINE 1 CM402#1 TBL 1', '', 2, 1, 1, 1, 25, '11125R'),
(53, 'LINE 1 CM402#1 TBL 1', '', 2, 1, 1, 1, 26, '11126R'),
(54, 'LINE 1 CM402#1 TBL 1', '', 2, 1, 1, 1, 27, '11127R'),
(55, 'LINE 1 CM402#1 TBL 2', '', 1, 2, 1, 1, 1, '1121L'),
(56, 'LINE 1 CM402#1 TBL 2', '', 1, 2, 1, 1, 2, '1122L'),
(57, 'LINE 1 CM402#1 TBL 2', '', 1, 2, 1, 1, 3, '1123L'),
(58, 'LINE 1 CM402#1 TBL 2', '', 1, 2, 1, 1, 4, '1124L'),
(59, 'LINE 1 CM402#1 TBL 2', '', 1, 2, 1, 1, 5, '1125L'),
(60, 'LINE 1 CM402#1 TBL 2', '', 1, 2, 1, 1, 6, '1126L'),
(61, 'LINE 1 CM402#1 TBL 2', '', 1, 2, 1, 1, 7, '1127L'),
(62, 'LINE 1 CM402#1 TBL 2', '', 1, 2, 1, 1, 8, '1128L'),
(63, 'LINE 1 CM402#1 TBL 2', '', 1, 2, 1, 1, 9, '1129L'),
(64, 'LINE 1 CM402#1 TBL 2', '', 1, 2, 1, 1, 10, '11210L'),
(65, 'LINE 1 CM402#1 TBL 2', '', 1, 2, 1, 1, 11, '11211L'),
(66, 'LINE 1 CM402#1 TBL 2', '', 1, 2, 1, 1, 12, '11212L'),
(67, 'LINE 1 CM402#1 TBL 2', '', 1, 2, 1, 1, 13, '11213L'),
(68, 'LINE 1 CM402#1 TBL 2', '', 1, 2, 1, 1, 14, '11214L'),
(69, 'LINE 1 CM402#1 TBL 2', '', 1, 2, 1, 1, 15, '11215L'),
(70, 'LINE 1 CM402#1 TBL 2', '', 1, 2, 1, 1, 16, '11216L'),
(71, 'LINE 1 CM402#1 TBL 2', '', 1, 2, 1, 1, 17, '11217L'),
(72, 'LINE 1 CM402#1 TBL 2', '', 1, 2, 1, 1, 18, '11218L'),
(73, 'LINE 1 CM402#1 TBL 2', '', 1, 2, 1, 1, 19, '11219L'),
(74, 'LINE 1 CM402#1 TBL 2', '', 1, 2, 1, 1, 20, '11220L'),
(75, 'LINE 1 CM402#1 TBL 2', '', 1, 2, 1, 1, 21, '11221L'),
(76, 'LINE 1 CM402#1 TBL 2', '', 1, 2, 1, 1, 22, '11222L'),
(77, 'LINE 1 CM402#1 TBL 2', '', 1, 2, 1, 1, 23, '11223L'),
(78, 'LINE 1 CM402#1 TBL 2', '', 1, 2, 1, 1, 24, '11224L'),
(79, 'LINE 1 CM402#1 TBL 2', '', 1, 2, 1, 1, 25, '11225L'),
(80, 'LINE 1 CM402#1 TBL 2', '', 1, 2, 1, 1, 26, '11226L'),
(81, 'LINE 1 CM402#1 TBL 2', '', 1, 2, 1, 1, 27, '11227L'),
(82, 'LINE 1 CM402#1 TBL 2', '', 2, 2, 1, 1, 1, '1121R'),
(83, 'LINE 1 CM402#1 TBL 2', '', 2, 2, 1, 1, 2, '1122R'),
(84, 'LINE 1 CM402#1 TBL 2', '', 2, 2, 1, 1, 3, '1123R'),
(85, 'LINE 1 CM402#1 TBL 2', '', 2, 2, 1, 1, 4, '1124R'),
(86, 'LINE 1 CM402#1 TBL 2', '', 2, 2, 1, 1, 5, '1125R'),
(87, 'LINE 1 CM402#1 TBL 2', '', 2, 2, 1, 1, 6, '1126R'),
(88, 'LINE 1 CM402#1 TBL 2', '', 2, 2, 1, 1, 7, '1127R'),
(89, 'LINE 1 CM402#1 TBL 2', '', 2, 2, 1, 1, 8, '1128R'),
(90, 'LINE 1 CM402#1 TBL 2', '', 2, 2, 1, 1, 9, '1129R'),
(91, 'LINE 1 CM402#1 TBL 2', '', 2, 2, 1, 1, 10, '11210R'),
(92, 'LINE 1 CM402#1 TBL 2', '', 2, 2, 1, 1, 11, '11211R'),
(93, 'LINE 1 CM402#1 TBL 2', '', 2, 2, 1, 1, 12, '11212R'),
(94, 'LINE 1 CM402#1 TBL 2', '', 2, 2, 1, 1, 13, '11213R'),
(95, 'LINE 1 CM402#1 TBL 2', '', 2, 2, 1, 1, 14, '11214R'),
(96, 'LINE 1 CM402#1 TBL 2', '', 2, 2, 1, 1, 15, '11215R'),
(97, 'LINE 1 CM402#1 TBL 2', '', 2, 2, 1, 1, 16, '11216R'),
(98, 'LINE 1 CM402#1 TBL 2', '', 2, 2, 1, 1, 17, '11217R'),
(99, 'LINE 1 CM402#1 TBL 2', '', 2, 2, 1, 1, 18, '11218R'),
(100, 'LINE 1 CM402#1 TBL 2', '', 2, 2, 1, 1, 19, '11219R'),
(101, 'LINE 1 CM402#1 TBL 2', '', 2, 2, 1, 1, 20, '11220R'),
(102, 'LINE 1 CM402#1 TBL 2', '', 2, 2, 1, 1, 21, '11221R'),
(103, 'LINE 1 CM402#1 TBL 2', '', 2, 2, 1, 1, 22, '11222R'),
(104, 'LINE 1 CM402#1 TBL 2', '', 2, 2, 1, 1, 23, '11223R'),
(105, 'LINE 1 CM402#1 TBL 2', '', 2, 2, 1, 1, 24, '11224R'),
(106, 'LINE 1 CM402#1 TBL 2', '', 2, 2, 1, 1, 25, '11225R'),
(107, 'LINE 1 CM402#1 TBL 2', '', 2, 2, 1, 1, 26, '11226R'),
(108, 'LINE 1 CM402#1 TBL 2', '', 2, 2, 1, 1, 27, '11227R'),
(109, 'LINE 1 CM402#1 TBL 3', '', 1, 3, 1, 1, 1, '1131L'),
(110, 'LINE 1 CM402#1 TBL 3', '', 1, 3, 1, 1, 2, '1132L'),
(111, 'LINE 1 CM402#1 TBL 3', '', 1, 3, 1, 1, 3, '1133L'),
(112, 'LINE 1 CM402#1 TBL 3', '', 1, 3, 1, 1, 4, '1134L'),
(113, 'LINE 1 CM402#1 TBL 3', '', 1, 3, 1, 1, 5, '1135L'),
(114, 'LINE 1 CM402#1 TBL 3', '', 1, 3, 1, 1, 6, '1136L'),
(115, 'LINE 1 CM402#1 TBL 3', '', 1, 3, 1, 1, 7, '1137L'),
(116, 'LINE 1 CM402#1 TBL 3', '', 1, 3, 1, 1, 8, '1138L'),
(117, 'LINE 1 CM402#1 TBL 3', '', 1, 3, 1, 1, 9, '1139L'),
(118, 'LINE 1 CM402#1 TBL 3', '', 1, 3, 1, 1, 10, '11310L'),
(119, 'LINE 1 CM402#1 TBL 3', '', 1, 3, 1, 1, 11, '11311L'),
(120, 'LINE 1 CM402#1 TBL 3', '', 1, 3, 1, 1, 12, '11312L'),
(121, 'LINE 1 CM402#1 TBL 3', '', 1, 3, 1, 1, 13, '11313L'),
(122, 'LINE 1 CM402#1 TBL 3', '', 1, 3, 1, 1, 14, '11314L'),
(123, 'LINE 1 CM402#1 TBL 3', '', 1, 3, 1, 1, 15, '11315L'),
(124, 'LINE 1 CM402#1 TBL 3', '', 1, 3, 1, 1, 16, '11316L'),
(125, 'LINE 1 CM402#1 TBL 3', '', 1, 3, 1, 1, 17, '11317L'),
(126, 'LINE 1 CM402#1 TBL 3', '', 1, 3, 1, 1, 18, '11318L'),
(127, 'LINE 1 CM402#1 TBL 3', '', 1, 3, 1, 1, 19, '11319L'),
(128, 'LINE 1 CM402#1 TBL 3', '', 1, 3, 1, 1, 20, '11320L'),
(129, 'LINE 1 CM402#1 TBL 3', '', 1, 3, 1, 1, 21, '11321L'),
(130, 'LINE 1 CM402#1 TBL 3', '', 1, 3, 1, 1, 22, '11322L'),
(131, 'LINE 1 CM402#1 TBL 3', '', 1, 3, 1, 1, 23, '11323L'),
(132, 'LINE 1 CM402#1 TBL 3', '', 1, 3, 1, 1, 24, '11324L'),
(133, 'LINE 1 CM402#1 TBL 3', '', 1, 3, 1, 1, 25, '11325L'),
(134, 'LINE 1 CM402#1 TBL 3', '', 1, 3, 1, 1, 26, '11326L'),
(135, 'LINE 1 CM402#1 TBL 3', '', 1, 3, 1, 1, 27, '11327L'),
(136, 'LINE 1 CM402#1 TBL 3', '', 2, 3, 1, 1, 1, '1131R'),
(137, 'LINE 1 CM402#1 TBL 3', '', 2, 3, 1, 1, 2, '1132R'),
(138, 'LINE 1 CM402#1 TBL 3', '', 2, 3, 1, 1, 3, '1133R'),
(139, 'LINE 1 CM402#1 TBL 3', '', 2, 3, 1, 1, 4, '1134R'),
(140, 'LINE 1 CM402#1 TBL 3', '', 2, 3, 1, 1, 5, '1135R'),
(141, 'LINE 1 CM402#1 TBL 3', '', 2, 3, 1, 1, 6, '1136R'),
(142, 'LINE 1 CM402#1 TBL 3', '', 2, 3, 1, 1, 7, '1137R'),
(143, 'LINE 1 CM402#1 TBL 3', '', 2, 3, 1, 1, 8, '1138R'),
(144, 'LINE 1 CM402#1 TBL 3', '', 2, 3, 1, 1, 9, '1139R'),
(145, 'LINE 1 CM402#1 TBL 3', '', 2, 3, 1, 1, 10, '11310R'),
(146, 'LINE 1 CM402#1 TBL 3', '', 2, 3, 1, 1, 11, '11311R'),
(147, 'LINE 1 CM402#1 TBL 3', '', 2, 3, 1, 1, 12, '11312R'),
(148, 'LINE 1 CM402#1 TBL 3', '', 2, 3, 1, 1, 13, '11313R'),
(149, 'LINE 1 CM402#1 TBL 3', '', 2, 3, 1, 1, 14, '11314R'),
(150, 'LINE 1 CM402#1 TBL 3', '', 2, 3, 1, 1, 15, '11315R'),
(151, 'LINE 1 CM402#1 TBL 3', '', 2, 3, 1, 1, 16, '11316R'),
(152, 'LINE 1 CM402#1 TBL 3', '', 2, 3, 1, 1, 17, '11317R'),
(153, 'LINE 1 CM402#1 TBL 3', '', 2, 3, 1, 1, 18, '11318R'),
(154, 'LINE 1 CM402#1 TBL 3', '', 2, 3, 1, 1, 19, '11319R'),
(155, 'LINE 1 CM402#1 TBL 3', '', 2, 3, 1, 1, 20, '11320R'),
(156, 'LINE 1 CM402#1 TBL 3', '', 2, 3, 1, 1, 21, '11321R'),
(157, 'LINE 1 CM402#1 TBL 3', '', 2, 3, 1, 1, 22, '11322R'),
(158, 'LINE 1 CM402#1 TBL 3', '', 2, 3, 1, 1, 23, '11323R'),
(159, 'LINE 1 CM402#1 TBL 3', '', 2, 3, 1, 1, 24, '11324R'),
(160, 'LINE 1 CM402#1 TBL 3', '', 2, 3, 1, 1, 25, '11325R'),
(161, 'LINE 1 CM402#1 TBL 3', '', 2, 3, 1, 1, 26, '11326R'),
(162, 'LINE 1 CM402#1 TBL 3', '', 2, 3, 1, 1, 27, '11327R'),
(163, 'LINE 1 CM402#1 TBL 4', '', 1, 4, 1, 1, 1, '1141L'),
(164, 'LINE 1 CM402#1 TBL 4', '', 1, 4, 1, 1, 2, '1142L'),
(165, 'LINE 1 CM402#1 TBL 4', '', 1, 4, 1, 1, 3, '1143L'),
(166, 'LINE 1 CM402#1 TBL 4', '', 1, 4, 1, 1, 4, '1144L'),
(167, 'LINE 1 CM402#1 TBL 4', '', 1, 4, 1, 1, 5, '1145L'),
(168, 'LINE 1 CM402#1 TBL 4', '', 1, 4, 1, 1, 6, '1146L'),
(169, 'LINE 1 CM402#1 TBL 4', '', 1, 4, 1, 1, 7, '1147L'),
(170, 'LINE 1 CM402#1 TBL 4', '', 1, 4, 1, 1, 8, '1148L'),
(171, 'LINE 1 CM402#1 TBL 4', '', 1, 4, 1, 1, 9, '1149L'),
(172, 'LINE 1 CM402#1 TBL 4', '', 1, 4, 1, 1, 10, '11410L'),
(173, 'LINE 1 CM402#1 TBL 4', '', 1, 4, 1, 1, 11, '11411L'),
(174, 'LINE 1 CM402#1 TBL 4', '', 1, 4, 1, 1, 12, '11412L'),
(175, 'LINE 1 CM402#1 TBL 4', '', 1, 4, 1, 1, 13, '11413L'),
(176, 'LINE 1 CM402#1 TBL 4', '', 1, 4, 1, 1, 14, '11414L'),
(177, 'LINE 1 CM402#1 TBL 4', '', 1, 4, 1, 1, 15, '11415L'),
(178, 'LINE 1 CM402#1 TBL 4', '', 1, 4, 1, 1, 16, '11416L'),
(179, 'LINE 1 CM402#1 TBL 4', '', 1, 4, 1, 1, 17, '11417L'),
(180, 'LINE 1 CM402#1 TBL 4', '', 1, 4, 1, 1, 18, '11418L'),
(181, 'LINE 1 CM402#1 TBL 4', '', 1, 4, 1, 1, 19, '11419L'),
(182, 'LINE 1 CM402#1 TBL 4', '', 1, 4, 1, 1, 20, '11420L'),
(183, 'LINE 1 CM402#1 TBL 4', '', 1, 4, 1, 1, 21, '11421L'),
(184, 'LINE 1 CM402#1 TBL 4', '', 1, 4, 1, 1, 22, '11422L'),
(185, 'LINE 1 CM402#1 TBL 4', '', 1, 4, 1, 1, 23, '11423L'),
(186, 'LINE 1 CM402#1 TBL 4', '', 1, 4, 1, 1, 24, '11424L'),
(187, 'LINE 1 CM402#1 TBL 4', '', 1, 4, 1, 1, 25, '11425L'),
(188, 'LINE 1 CM402#1 TBL 4', '', 1, 4, 1, 1, 26, '11426L'),
(189, 'LINE 1 CM402#1 TBL 4', '', 1, 4, 1, 1, 27, '11427L'),
(190, 'LINE 1 CM402#1 TBL 4', '', 2, 4, 1, 1, 1, '1141R'),
(191, 'LINE 1 CM402#1 TBL 4', '', 2, 4, 1, 1, 2, '1142R'),
(192, 'LINE 1 CM402#1 TBL 4', '', 2, 4, 1, 1, 3, '1143R'),
(193, 'LINE 1 CM402#1 TBL 4', '', 2, 4, 1, 1, 4, '1144R'),
(194, 'LINE 1 CM402#1 TBL 4', '', 2, 4, 1, 1, 5, '1145R'),
(195, 'LINE 1 CM402#1 TBL 4', '', 2, 4, 1, 1, 6, '1146R'),
(196, 'LINE 1 CM402#1 TBL 4', '', 2, 4, 1, 1, 7, '1147R'),
(197, 'LINE 1 CM402#1 TBL 4', '', 2, 4, 1, 1, 8, '1148R'),
(198, 'LINE 1 CM402#1 TBL 4', '', 2, 4, 1, 1, 9, '1149R'),
(199, 'LINE 1 CM402#1 TBL 4', '', 2, 4, 1, 1, 10, '11410R'),
(200, 'LINE 1 CM402#1 TBL 4', '', 2, 4, 1, 1, 11, '11411R'),
(201, 'LINE 1 CM402#1 TBL 4', '', 2, 4, 1, 1, 12, '11412R'),
(202, 'LINE 1 CM402#1 TBL 4', '', 2, 4, 1, 1, 13, '11413R'),
(203, 'LINE 1 CM402#1 TBL 4', '', 2, 4, 1, 1, 14, '11414R'),
(204, 'LINE 1 CM402#1 TBL 4', '', 2, 4, 1, 1, 15, '11415R'),
(205, 'LINE 1 CM402#1 TBL 4', '', 2, 4, 1, 1, 16, '11416R'),
(206, 'LINE 1 CM402#1 TBL 4', '', 2, 4, 1, 1, 17, '11417R'),
(207, 'LINE 1 CM402#1 TBL 4', '', 2, 4, 1, 1, 18, '11418R'),
(208, 'LINE 1 CM402#1 TBL 4', '', 2, 4, 1, 1, 19, '11419R'),
(209, 'LINE 1 CM402#1 TBL 4', '', 2, 4, 1, 1, 20, '11420R'),
(210, 'LINE 1 CM402#1 TBL 4', '', 2, 4, 1, 1, 21, '11421R'),
(211, 'LINE 1 CM402#1 TBL 4', '', 2, 4, 1, 1, 22, '11422R'),
(212, 'LINE 1 CM402#1 TBL 4', '', 2, 4, 1, 1, 23, '11423R'),
(213, 'LINE 1 CM402#1 TBL 4', '', 2, 4, 1, 1, 24, '11424R'),
(214, 'LINE 1 CM402#1 TBL 4', '', 2, 4, 1, 1, 25, '11425R'),
(215, 'LINE 1 CM402#1 TBL 4', '', 2, 4, 1, 1, 26, '11426R'),
(216, 'LINE 1 CM402#1 TBL 4', '', 2, 4, 1, 1, 27, '11427R'),
(217, 'LINE 2 CM402#2 TBL 1', '', 1, 5, 2, 2, 1, '2251L'),
(218, 'LINE 2 CM402#2 TBL 1', '', 1, 5, 2, 2, 2, '2252L'),
(219, 'LINE 2 CM402#2 TBL 1', '', 1, 5, 2, 2, 3, '2253L'),
(220, 'LINE 2 CM402#2 TBL 1', '', 1, 5, 2, 2, 4, '2254L'),
(221, 'LINE 2 CM402#2 TBL 1', '', 1, 5, 2, 2, 5, '2255L'),
(222, 'LINE 2 CM402#2 TBL 1', '', 1, 5, 2, 2, 6, '2256L'),
(223, 'LINE 2 CM402#2 TBL 1', '', 1, 5, 2, 2, 7, '2257L'),
(224, 'LINE 2 CM402#2 TBL 1', '', 1, 5, 2, 2, 8, '2258L'),
(225, 'LINE 2 CM402#2 TBL 1', '', 1, 5, 2, 2, 9, '2259L'),
(226, 'LINE 2 CM402#2 TBL 1', '', 1, 5, 2, 2, 10, '22510L'),
(227, 'LINE 2 CM402#2 TBL 1', '', 1, 5, 2, 2, 11, '22511L'),
(228, 'LINE 2 CM402#2 TBL 1', '', 1, 5, 2, 2, 12, '22512L'),
(229, 'LINE 2 CM402#2 TBL 1', '', 1, 5, 2, 2, 13, '22513L'),
(230, 'LINE 2 CM402#2 TBL 1', '', 1, 5, 2, 2, 14, '22514L'),
(231, 'LINE 2 CM402#2 TBL 1', '', 1, 5, 2, 2, 15, '22515L'),
(232, 'LINE 2 CM402#2 TBL 1', '', 1, 5, 2, 2, 16, '22516L'),
(233, 'LINE 2 CM402#2 TBL 1', '', 1, 5, 2, 2, 17, '22517L'),
(234, 'LINE 2 CM402#2 TBL 1', '', 1, 5, 2, 2, 18, '22518L'),
(235, 'LINE 2 CM402#2 TBL 1', '', 1, 5, 2, 2, 19, '22519L'),
(236, 'LINE 2 CM402#2 TBL 1', '', 1, 5, 2, 2, 20, '22520L'),
(237, 'LINE 2 CM402#2 TBL 1', '', 1, 5, 2, 2, 21, '22521L'),
(238, 'LINE 2 CM402#2 TBL 1', '', 1, 5, 2, 2, 22, '22522L'),
(239, 'LINE 2 CM402#2 TBL 1', '', 1, 5, 2, 2, 23, '22523L'),
(240, 'LINE 2 CM402#2 TBL 1', '', 1, 5, 2, 2, 24, '22524L'),
(241, 'LINE 2 CM402#2 TBL 1', '', 1, 5, 2, 2, 25, '22525L'),
(242, 'LINE 2 CM402#2 TBL 1', '', 1, 5, 2, 2, 26, '22526L'),
(243, 'LINE 2 CM402#2 TBL 1', '', 1, 5, 2, 2, 27, '22527L'),
(244, 'LINE 2 CM402#2 TBL 1', '', 2, 5, 2, 2, 1, '2251R'),
(245, 'LINE 2 CM402#2 TBL 1', '', 2, 5, 2, 2, 2, '2252R'),
(246, 'LINE 2 CM402#2 TBL 1', '', 2, 5, 2, 2, 3, '2253R'),
(247, 'LINE 2 CM402#2 TBL 1', '', 2, 5, 2, 2, 4, '2254R'),
(248, 'LINE 2 CM402#2 TBL 1', '', 2, 5, 2, 2, 5, '2255R'),
(249, 'LINE 2 CM402#2 TBL 1', '', 2, 5, 2, 2, 6, '2256R'),
(250, 'LINE 2 CM402#2 TBL 1', '', 2, 5, 2, 2, 7, '2257R'),
(251, 'LINE 2 CM402#2 TBL 1', '', 2, 5, 2, 2, 8, '2258R'),
(252, 'LINE 2 CM402#2 TBL 1', '', 2, 5, 2, 2, 9, '2259R'),
(253, 'LINE 2 CM402#2 TBL 1', '', 2, 5, 2, 2, 10, '22510R'),
(254, 'LINE 2 CM402#2 TBL 1', '', 2, 5, 2, 2, 11, '22511R'),
(255, 'LINE 2 CM402#2 TBL 1', '', 2, 5, 2, 2, 12, '22512R'),
(256, 'LINE 2 CM402#2 TBL 1', '', 2, 5, 2, 2, 13, '22513R'),
(257, 'LINE 2 CM402#2 TBL 1', '', 2, 5, 2, 2, 14, '22514R'),
(258, 'LINE 2 CM402#2 TBL 1', '', 2, 5, 2, 2, 15, '22515R'),
(259, 'LINE 2 CM402#2 TBL 1', '', 2, 5, 2, 2, 16, '22516R'),
(260, 'LINE 2 CM402#2 TBL 1', '', 2, 5, 2, 2, 17, '22517R'),
(261, 'LINE 2 CM402#2 TBL 1', '', 2, 5, 2, 2, 18, '22518R'),
(262, 'LINE 2 CM402#2 TBL 1', '', 2, 5, 2, 2, 19, '22519R'),
(263, 'LINE 2 CM402#2 TBL 1', '', 2, 5, 2, 2, 20, '22520R'),
(264, 'LINE 2 CM402#2 TBL 1', '', 2, 5, 2, 2, 21, '22521R'),
(265, 'LINE 2 CM402#2 TBL 1', '', 2, 5, 2, 2, 22, '22522R'),
(266, 'LINE 2 CM402#2 TBL 1', '', 2, 5, 2, 2, 23, '22523R'),
(267, 'LINE 2 CM402#2 TBL 1', '', 2, 5, 2, 2, 24, '22524R'),
(268, 'LINE 2 CM402#2 TBL 1', '', 2, 5, 2, 2, 25, '22525R'),
(269, 'LINE 2 CM402#2 TBL 1', '', 2, 5, 2, 2, 26, '22526R'),
(270, 'LINE 2 CM402#2 TBL 1', '', 2, 5, 2, 2, 27, '22527R'),
(271, 'LINE 2 CM402#2 TBL 2', '', 1, 6, 2, 2, 1, '2261L'),
(272, 'LINE 2 CM402#2 TBL 2', '', 1, 6, 2, 2, 2, '2262L'),
(273, 'LINE 2 CM402#2 TBL 2', '', 1, 6, 2, 2, 3, '2263L'),
(274, 'LINE 2 CM402#2 TBL 2', '', 1, 6, 2, 2, 4, '2264L'),
(275, 'LINE 2 CM402#2 TBL 2', '', 1, 6, 2, 2, 5, '2265L'),
(276, 'LINE 2 CM402#2 TBL 2', '', 1, 6, 2, 2, 6, '2266L'),
(277, 'LINE 2 CM402#2 TBL 2', '', 1, 6, 2, 2, 7, '2267L'),
(278, 'LINE 2 CM402#2 TBL 2', '', 1, 6, 2, 2, 8, '2268L'),
(279, 'LINE 2 CM402#2 TBL 2', '', 1, 6, 2, 2, 9, '2269L'),
(280, 'LINE 2 CM402#2 TBL 2', '', 1, 6, 2, 2, 10, '22610L'),
(281, 'LINE 2 CM402#2 TBL 2', '', 1, 6, 2, 2, 11, '22611L'),
(282, 'LINE 2 CM402#2 TBL 2', '', 1, 6, 2, 2, 12, '22612L'),
(283, 'LINE 2 CM402#2 TBL 2', '', 1, 6, 2, 2, 13, '22613L'),
(284, 'LINE 2 CM402#2 TBL 2', '', 1, 6, 2, 2, 14, '22614L'),
(285, 'LINE 2 CM402#2 TBL 2', '', 1, 6, 2, 2, 15, '22615L'),
(286, 'LINE 2 CM402#2 TBL 2', '', 1, 6, 2, 2, 16, '22616L'),
(287, 'LINE 2 CM402#2 TBL 2', '', 1, 6, 2, 2, 17, '22617L'),
(288, 'LINE 2 CM402#2 TBL 2', '', 1, 6, 2, 2, 18, '22618L'),
(289, 'LINE 2 CM402#2 TBL 2', '', 1, 6, 2, 2, 19, '22619L'),
(290, 'LINE 2 CM402#2 TBL 2', '', 1, 6, 2, 2, 20, '22620L'),
(291, 'LINE 2 CM402#2 TBL 2', '', 1, 6, 2, 2, 21, '22621L'),
(292, 'LINE 2 CM402#2 TBL 2', '', 1, 6, 2, 2, 22, '22622L'),
(293, 'LINE 2 CM402#2 TBL 2', '', 1, 6, 2, 2, 23, '22623L'),
(294, 'LINE 2 CM402#2 TBL 2', '', 1, 6, 2, 2, 24, '22624L'),
(295, 'LINE 2 CM402#2 TBL 2', '', 1, 6, 2, 2, 25, '22625L'),
(296, 'LINE 2 CM402#2 TBL 2', '', 1, 6, 2, 2, 26, '22626L'),
(297, 'LINE 2 CM402#2 TBL 2', '', 1, 6, 2, 2, 27, '22627L'),
(298, 'LINE 2 CM402#2 TBL 2', '', 2, 6, 2, 2, 1, '2261R'),
(299, 'LINE 2 CM402#2 TBL 2', '', 2, 6, 2, 2, 2, '2262R'),
(300, 'LINE 2 CM402#2 TBL 2', '', 2, 6, 2, 2, 3, '2263R'),
(301, 'LINE 2 CM402#2 TBL 2', '', 2, 6, 2, 2, 4, '2264R'),
(302, 'LINE 2 CM402#2 TBL 2', '', 2, 6, 2, 2, 5, '2265R'),
(303, 'LINE 2 CM402#2 TBL 2', '', 2, 6, 2, 2, 6, '2266R'),
(304, 'LINE 2 CM402#2 TBL 2', '', 2, 6, 2, 2, 7, '2267R'),
(305, 'LINE 2 CM402#2 TBL 2', '', 2, 6, 2, 2, 8, '2268R'),
(306, 'LINE 2 CM402#2 TBL 2', '', 2, 6, 2, 2, 9, '2269R'),
(307, 'LINE 2 CM402#2 TBL 2', '', 2, 6, 2, 2, 10, '22610R'),
(308, 'LINE 2 CM402#2 TBL 2', '', 2, 6, 2, 2, 11, '22611R'),
(309, 'LINE 2 CM402#2 TBL 2', '', 2, 6, 2, 2, 12, '22612R'),
(310, 'LINE 2 CM402#2 TBL 2', '', 2, 6, 2, 2, 13, '22613R'),
(311, 'LINE 2 CM402#2 TBL 2', '', 2, 6, 2, 2, 14, '22614R'),
(312, 'LINE 2 CM402#2 TBL 2', '', 2, 6, 2, 2, 15, '22615R'),
(313, 'LINE 2 CM402#2 TBL 2', '', 2, 6, 2, 2, 16, '22616R'),
(314, 'LINE 2 CM402#2 TBL 2', '', 2, 6, 2, 2, 17, '22617R'),
(315, 'LINE 2 CM402#2 TBL 2', '', 2, 6, 2, 2, 18, '22618R'),
(316, 'LINE 2 CM402#2 TBL 2', '', 2, 6, 2, 2, 19, '22619R'),
(317, 'LINE 2 CM402#2 TBL 2', '', 2, 6, 2, 2, 20, '22620R'),
(318, 'LINE 2 CM402#2 TBL 2', '', 2, 6, 2, 2, 21, '22621R'),
(319, 'LINE 2 CM402#2 TBL 2', '', 2, 6, 2, 2, 22, '22622R'),
(320, 'LINE 2 CM402#2 TBL 2', '', 2, 6, 2, 2, 23, '22623R'),
(321, 'LINE 2 CM402#2 TBL 2', '', 2, 6, 2, 2, 24, '22624R'),
(322, 'LINE 2 CM402#2 TBL 2', '', 2, 6, 2, 2, 25, '22625R'),
(323, 'LINE 2 CM402#2 TBL 2', '', 2, 6, 2, 2, 26, '22626R'),
(324, 'LINE 2 CM402#2 TBL 2', '', 2, 6, 2, 2, 27, '22627R'),
(325, 'LINE 2 CM402#2 TBL 3', '', 1, 7, 2, 2, 1, '2271L'),
(326, 'LINE 2 CM402#2 TBL 3', '', 1, 7, 2, 2, 2, '2272L'),
(327, 'LINE 2 CM402#2 TBL 3', '', 1, 7, 2, 2, 3, '2273L'),
(328, 'LINE 2 CM402#2 TBL 3', '', 1, 7, 2, 2, 4, '2274L'),
(329, 'LINE 2 CM402#2 TBL 3', '', 1, 7, 2, 2, 5, '2275L'),
(330, 'LINE 2 CM402#2 TBL 3', '', 1, 7, 2, 2, 6, '2276L'),
(331, 'LINE 2 CM402#2 TBL 3', '', 1, 7, 2, 2, 7, '2277L'),
(332, 'LINE 2 CM402#2 TBL 3', '', 1, 7, 2, 2, 8, '2278L'),
(333, 'LINE 2 CM402#2 TBL 3', '', 1, 7, 2, 2, 9, '2279L'),
(334, 'LINE 2 CM402#2 TBL 3', '', 1, 7, 2, 2, 10, '22710L'),
(335, 'LINE 2 CM402#2 TBL 3', '', 1, 7, 2, 2, 11, '22711L'),
(336, 'LINE 2 CM402#2 TBL 3', '', 1, 7, 2, 2, 12, '22712L'),
(337, 'LINE 2 CM402#2 TBL 3', '', 1, 7, 2, 2, 13, '22713L'),
(338, 'LINE 2 CM402#2 TBL 3', '', 1, 7, 2, 2, 14, '22714L'),
(339, 'LINE 2 CM402#2 TBL 3', '', 1, 7, 2, 2, 15, '22715L'),
(340, 'LINE 2 CM402#2 TBL 3', '', 1, 7, 2, 2, 16, '22716L'),
(341, 'LINE 2 CM402#2 TBL 3', '', 1, 7, 2, 2, 17, '22717L'),
(342, 'LINE 2 CM402#2 TBL 3', '', 1, 7, 2, 2, 18, '22718L'),
(343, 'LINE 2 CM402#2 TBL 3', '', 1, 7, 2, 2, 19, '22719L'),
(344, 'LINE 2 CM402#2 TBL 3', '', 1, 7, 2, 2, 20, '22720L'),
(345, 'LINE 2 CM402#2 TBL 3', '', 1, 7, 2, 2, 21, '22721L'),
(346, 'LINE 2 CM402#2 TBL 3', '', 1, 7, 2, 2, 22, '22722L'),
(347, 'LINE 2 CM402#2 TBL 3', '', 1, 7, 2, 2, 23, '22723L'),
(348, 'LINE 2 CM402#2 TBL 3', '', 1, 7, 2, 2, 24, '22724L'),
(349, 'LINE 2 CM402#2 TBL 3', '', 1, 7, 2, 2, 25, '22725L'),
(350, 'LINE 2 CM402#2 TBL 3', '', 1, 7, 2, 2, 26, '22726L'),
(351, 'LINE 2 CM402#2 TBL 3', '', 1, 7, 2, 2, 27, '22727L'),
(352, 'LINE 2 CM402#2 TBL 3', '', 2, 7, 2, 2, 1, '2271R'),
(353, 'LINE 2 CM402#2 TBL 3', '', 2, 7, 2, 2, 2, '2272R'),
(354, 'LINE 2 CM402#2 TBL 3', '', 2, 7, 2, 2, 3, '2273R'),
(355, 'LINE 2 CM402#2 TBL 3', '', 2, 7, 2, 2, 4, '2274R'),
(356, 'LINE 2 CM402#2 TBL 3', '', 2, 7, 2, 2, 5, '2275R'),
(357, 'LINE 2 CM402#2 TBL 3', '', 2, 7, 2, 2, 6, '2276R'),
(358, 'LINE 2 CM402#2 TBL 3', '', 2, 7, 2, 2, 7, '2277R'),
(359, 'LINE 2 CM402#2 TBL 3', '', 2, 7, 2, 2, 8, '2278R'),
(360, 'LINE 2 CM402#2 TBL 3', '', 2, 7, 2, 2, 9, '2279R'),
(361, 'LINE 2 CM402#2 TBL 3', '', 2, 7, 2, 2, 10, '22710R'),
(362, 'LINE 2 CM402#2 TBL 3', '', 2, 7, 2, 2, 11, '22711R'),
(363, 'LINE 2 CM402#2 TBL 3', '', 2, 7, 2, 2, 12, '22712R'),
(364, 'LINE 2 CM402#2 TBL 3', '', 2, 7, 2, 2, 13, '22713R'),
(365, 'LINE 2 CM402#2 TBL 3', '', 2, 7, 2, 2, 14, '22714R'),
(366, 'LINE 2 CM402#2 TBL 3', '', 2, 7, 2, 2, 15, '22715R'),
(367, 'LINE 2 CM402#2 TBL 3', '', 2, 7, 2, 2, 16, '22716R'),
(368, 'LINE 2 CM402#2 TBL 3', '', 2, 7, 2, 2, 17, '22717R'),
(369, 'LINE 2 CM402#2 TBL 3', '', 2, 7, 2, 2, 18, '22718R'),
(370, 'LINE 2 CM402#2 TBL 3', '', 2, 7, 2, 2, 19, '22719R'),
(371, 'LINE 2 CM402#2 TBL 3', '', 2, 7, 2, 2, 20, '22720R'),
(372, 'LINE 2 CM402#2 TBL 3', '', 2, 7, 2, 2, 21, '22721R'),
(373, 'LINE 2 CM402#2 TBL 3', '', 2, 7, 2, 2, 22, '22722R'),
(374, 'LINE 2 CM402#2 TBL 3', '', 2, 7, 2, 2, 23, '22723R'),
(375, 'LINE 2 CM402#2 TBL 3', '', 2, 7, 2, 2, 24, '22724R'),
(376, 'LINE 2 CM402#2 TBL 3', '', 2, 7, 2, 2, 25, '22725R'),
(377, 'LINE 2 CM402#2 TBL 3', '', 2, 7, 2, 2, 26, '22726R'),
(378, 'LINE 2 CM402#2 TBL 3', '', 2, 7, 2, 2, 27, '22727R'),
(379, 'LINE 2 CM402#2 TBL 4', '', 1, 8, 2, 2, 1, '2281L'),
(380, 'LINE 2 CM402#2 TBL 4', '', 1, 8, 2, 2, 2, '2282L'),
(381, 'LINE 2 CM402#2 TBL 4', '', 1, 8, 2, 2, 3, '2283L'),
(382, 'LINE 2 CM402#2 TBL 4', '', 1, 8, 2, 2, 4, '2284L'),
(383, 'LINE 2 CM402#2 TBL 4', '', 1, 8, 2, 2, 5, '2285L'),
(384, 'LINE 2 CM402#2 TBL 4', '', 1, 8, 2, 2, 6, '2286L'),
(385, 'LINE 2 CM402#2 TBL 4', '', 1, 8, 2, 2, 7, '2287L'),
(386, 'LINE 2 CM402#2 TBL 4', '', 1, 8, 2, 2, 8, '2288L'),
(387, 'LINE 2 CM402#2 TBL 4', '', 1, 8, 2, 2, 9, '2289L'),
(388, 'LINE 2 CM402#2 TBL 4', '', 1, 8, 2, 2, 10, '22810L'),
(389, 'LINE 2 CM402#2 TBL 4', '', 1, 8, 2, 2, 11, '22811L'),
(390, 'LINE 2 CM402#2 TBL 4', '', 1, 8, 2, 2, 12, '22812L'),
(391, 'LINE 2 CM402#2 TBL 4', '', 1, 8, 2, 2, 13, '22813L'),
(392, 'LINE 2 CM402#2 TBL 4', '', 1, 8, 2, 2, 14, '22814L'),
(393, 'LINE 2 CM402#2 TBL 4', '', 1, 8, 2, 2, 15, '22815L'),
(394, 'LINE 2 CM402#2 TBL 4', '', 1, 8, 2, 2, 16, '22816L'),
(395, 'LINE 2 CM402#2 TBL 4', '', 1, 8, 2, 2, 17, '22817L'),
(396, 'LINE 2 CM402#2 TBL 4', '', 1, 8, 2, 2, 18, '22818L'),
(397, 'LINE 2 CM402#2 TBL 4', '', 1, 8, 2, 2, 19, '22819L'),
(398, 'LINE 2 CM402#2 TBL 4', '', 1, 8, 2, 2, 20, '22820L'),
(399, 'LINE 2 CM402#2 TBL 4', '', 1, 8, 2, 2, 21, '22821L'),
(400, 'LINE 2 CM402#2 TBL 4', '', 1, 8, 2, 2, 22, '22822L'),
(401, 'LINE 2 CM402#2 TBL 4', '', 1, 8, 2, 2, 23, '22823L'),
(402, 'LINE 2 CM402#2 TBL 4', '', 1, 8, 2, 2, 24, '22824L'),
(403, 'LINE 2 CM402#2 TBL 4', '', 1, 8, 2, 2, 25, '22825L'),
(404, 'LINE 2 CM402#2 TBL 4', '', 1, 8, 2, 2, 26, '22826L'),
(405, 'LINE 2 CM402#2 TBL 4', '', 1, 8, 2, 2, 27, '22827L'),
(406, 'LINE 2 CM402#2 TBL 4', '', 2, 8, 2, 2, 1, '2281R'),
(407, 'LINE 2 CM402#2 TBL 4', '', 2, 8, 2, 2, 2, '2282R'),
(408, 'LINE 2 CM402#2 TBL 4', '', 2, 8, 2, 2, 3, '2283R'),
(409, 'LINE 2 CM402#2 TBL 4', '', 2, 8, 2, 2, 4, '2284R'),
(410, 'LINE 2 CM402#2 TBL 4', '', 2, 8, 2, 2, 5, '2285R'),
(411, 'LINE 2 CM402#2 TBL 4', '', 2, 8, 2, 2, 6, '2286R'),
(412, 'LINE 2 CM402#2 TBL 4', '', 2, 8, 2, 2, 7, '2287R'),
(413, 'LINE 2 CM402#2 TBL 4', '', 2, 8, 2, 2, 8, '2288R'),
(414, 'LINE 2 CM402#2 TBL 4', '', 2, 8, 2, 2, 9, '2289R'),
(415, 'LINE 2 CM402#2 TBL 4', '', 2, 8, 2, 2, 10, '22810R'),
(416, 'LINE 2 CM402#2 TBL 4', '', 2, 8, 2, 2, 11, '22811R'),
(417, 'LINE 2 CM402#2 TBL 4', '', 2, 8, 2, 2, 12, '22812R'),
(418, 'LINE 2 CM402#2 TBL 4', '', 2, 8, 2, 2, 13, '22813R'),
(419, 'LINE 2 CM402#2 TBL 4', '', 2, 8, 2, 2, 14, '22814R'),
(420, 'LINE 2 CM402#2 TBL 4', '', 2, 8, 2, 2, 15, '22815R'),
(421, 'LINE 2 CM402#2 TBL 4', '', 2, 8, 2, 2, 16, '22816R'),
(422, 'LINE 2 CM402#2 TBL 4', '', 2, 8, 2, 2, 17, '22817R'),
(423, 'LINE 2 CM402#2 TBL 4', '', 2, 8, 2, 2, 18, '22818R'),
(424, 'LINE 2 CM402#2 TBL 4', '', 2, 8, 2, 2, 19, '22819R'),
(425, 'LINE 2 CM402#2 TBL 4', '', 2, 8, 2, 2, 20, '22820R'),
(426, 'LINE 2 CM402#2 TBL 4', '', 2, 8, 2, 2, 21, '22821R'),
(427, 'LINE 2 CM402#2 TBL 4', '', 2, 8, 2, 2, 22, '22822R'),
(428, 'LINE 2 CM402#2 TBL 4', '', 2, 8, 2, 2, 23, '22823R'),
(429, 'LINE 2 CM402#2 TBL 4', '', 2, 8, 2, 2, 24, '22824R'),
(430, 'LINE 2 CM402#2 TBL 4', '', 2, 8, 2, 2, 25, '22825R'),
(431, 'LINE 2 CM402#2 TBL 4', '', 2, 8, 2, 2, 26, '22826R'),
(432, 'LINE 2 CM402#2 TBL 4', '', 2, 8, 2, 2, 27, '22827R'),
(433, 'LINE 3 CM402#3 TBL 1', '', 1, 9, 3, 3, 1, '3391L'),
(434, 'LINE 3 CM402#3 TBL 1', '', 1, 9, 3, 3, 2, '3392L'),
(435, 'LINE 3 CM402#3 TBL 1', '', 1, 9, 3, 3, 3, '3393L'),
(436, 'LINE 3 CM402#3 TBL 1', '', 1, 9, 3, 3, 4, '3394L'),
(437, 'LINE 3 CM402#3 TBL 1', '', 1, 9, 3, 3, 5, '3395L'),
(438, 'LINE 3 CM402#3 TBL 1', '', 1, 9, 3, 3, 6, '3396L'),
(439, 'LINE 3 CM402#3 TBL 1', '', 1, 9, 3, 3, 7, '3397L'),
(440, 'LINE 3 CM402#3 TBL 1', '', 1, 9, 3, 3, 8, '3398L'),
(441, 'LINE 3 CM402#3 TBL 1', '', 1, 9, 3, 3, 9, '3399L'),
(442, 'LINE 3 CM402#3 TBL 1', '', 1, 9, 3, 3, 10, '33910L'),
(443, 'LINE 3 CM402#3 TBL 1', '', 1, 9, 3, 3, 11, '33911L'),
(444, 'LINE 3 CM402#3 TBL 1', '', 1, 9, 3, 3, 12, '33912L'),
(445, 'LINE 3 CM402#3 TBL 1', '', 1, 9, 3, 3, 13, '33913L'),
(446, 'LINE 3 CM402#3 TBL 1', '', 1, 9, 3, 3, 14, '33914L'),
(447, 'LINE 3 CM402#3 TBL 1', '', 1, 9, 3, 3, 15, '33915L'),
(448, 'LINE 3 CM402#3 TBL 1', '', 1, 9, 3, 3, 16, '33916L'),
(449, 'LINE 3 CM402#3 TBL 1', '', 1, 9, 3, 3, 17, '33917L'),
(450, 'LINE 3 CM402#3 TBL 1', '', 1, 9, 3, 3, 18, '33918L'),
(451, 'LINE 3 CM402#3 TBL 1', '', 1, 9, 3, 3, 19, '33919L'),
(452, 'LINE 3 CM402#3 TBL 1', '', 1, 9, 3, 3, 20, '33920L'),
(453, 'LINE 3 CM402#3 TBL 1', '', 1, 9, 3, 3, 21, '33921L'),
(454, 'LINE 3 CM402#3 TBL 1', '', 1, 9, 3, 3, 22, '33922L'),
(455, 'LINE 3 CM402#3 TBL 1', '', 1, 9, 3, 3, 23, '33923L'),
(456, 'LINE 3 CM402#3 TBL 1', '', 1, 9, 3, 3, 24, '33924L'),
(457, 'LINE 3 CM402#3 TBL 1', '', 1, 9, 3, 3, 25, '33925L'),
(458, 'LINE 3 CM402#3 TBL 1', '', 1, 9, 3, 3, 26, '33926L'),
(459, 'LINE 3 CM402#3 TBL 1', '', 1, 9, 3, 3, 27, '33927L'),
(460, 'LINE 3 CM402#3 TBL 1', '', 2, 9, 3, 3, 1, '3391R'),
(461, 'LINE 3 CM402#3 TBL 1', '', 2, 9, 3, 3, 2, '3392R'),
(462, 'LINE 3 CM402#3 TBL 1', '', 2, 9, 3, 3, 3, '3393R'),
(463, 'LINE 3 CM402#3 TBL 1', '', 2, 9, 3, 3, 4, '3394R'),
(464, 'LINE 3 CM402#3 TBL 1', '', 2, 9, 3, 3, 5, '3395R'),
(465, 'LINE 3 CM402#3 TBL 1', '', 2, 9, 3, 3, 6, '3396R'),
(466, 'LINE 3 CM402#3 TBL 1', '', 2, 9, 3, 3, 7, '3397R'),
(467, 'LINE 3 CM402#3 TBL 1', '', 2, 9, 3, 3, 8, '3398R'),
(468, 'LINE 3 CM402#3 TBL 1', '', 2, 9, 3, 3, 9, '3399R'),
(469, 'LINE 3 CM402#3 TBL 1', '', 2, 9, 3, 3, 10, '33910R'),
(470, 'LINE 3 CM402#3 TBL 1', '', 2, 9, 3, 3, 11, '33911R'),
(471, 'LINE 3 CM402#3 TBL 1', '', 2, 9, 3, 3, 12, '33912R'),
(472, 'LINE 3 CM402#3 TBL 1', '', 2, 9, 3, 3, 13, '33913R'),
(473, 'LINE 3 CM402#3 TBL 1', '', 2, 9, 3, 3, 14, '33914R'),
(474, 'LINE 3 CM402#3 TBL 1', '', 2, 9, 3, 3, 15, '33915R'),
(475, 'LINE 3 CM402#3 TBL 1', '', 2, 9, 3, 3, 16, '33916R'),
(476, 'LINE 3 CM402#3 TBL 1', '', 2, 9, 3, 3, 17, '33917R'),
(477, 'LINE 3 CM402#3 TBL 1', '', 2, 9, 3, 3, 18, '33918R'),
(478, 'LINE 3 CM402#3 TBL 1', '', 2, 9, 3, 3, 19, '33919R'),
(479, 'LINE 3 CM402#3 TBL 1', '', 2, 9, 3, 3, 20, '33920R'),
(480, 'LINE 3 CM402#3 TBL 1', '', 2, 9, 3, 3, 21, '33921R'),
(481, 'LINE 3 CM402#3 TBL 1', '', 2, 9, 3, 3, 22, '33922R'),
(482, 'LINE 3 CM402#3 TBL 1', '', 2, 9, 3, 3, 23, '33923R'),
(483, 'LINE 3 CM402#3 TBL 1', '', 2, 9, 3, 3, 24, '33924R'),
(484, 'LINE 3 CM402#3 TBL 1', '', 2, 9, 3, 3, 25, '33925R'),
(485, 'LINE 3 CM402#3 TBL 1', '', 2, 9, 3, 3, 26, '33926R'),
(486, 'LINE 3 CM402#3 TBL 1', '', 2, 9, 3, 3, 27, '33927R'),
(487, 'LINE 3 CM402#3 TBL 2', '', 1, 10, 3, 3, 1, '33101L'),
(488, 'LINE 3 CM402#3 TBL 2', '', 1, 10, 3, 3, 2, '33102L'),
(489, 'LINE 3 CM402#3 TBL 2', '', 1, 10, 3, 3, 3, '33103L'),
(490, 'LINE 3 CM402#3 TBL 2', '', 1, 10, 3, 3, 4, '33104L'),
(491, 'LINE 3 CM402#3 TBL 2', '', 1, 10, 3, 3, 5, '33105L'),
(492, 'LINE 3 CM402#3 TBL 2', '', 1, 10, 3, 3, 6, '33106L'),
(493, 'LINE 3 CM402#3 TBL 2', '', 1, 10, 3, 3, 7, '33107L'),
(494, 'LINE 3 CM402#3 TBL 2', '', 1, 10, 3, 3, 8, '33108L'),
(495, 'LINE 3 CM402#3 TBL 2', '', 1, 10, 3, 3, 9, '33109L'),
(496, 'LINE 3 CM402#3 TBL 2', '', 1, 10, 3, 3, 10, '331010L'),
(497, 'LINE 3 CM402#3 TBL 2', '', 1, 10, 3, 3, 11, '331011L'),
(498, 'LINE 3 CM402#3 TBL 2', '', 1, 10, 3, 3, 12, '331012L'),
(499, 'LINE 3 CM402#3 TBL 2', '', 1, 10, 3, 3, 13, '331013L'),
(500, 'LINE 3 CM402#3 TBL 2', '', 1, 10, 3, 3, 14, '331014L'),
(501, 'LINE 3 CM402#3 TBL 2', '', 1, 10, 3, 3, 15, '331015L'),
(502, 'LINE 3 CM402#3 TBL 2', '', 1, 10, 3, 3, 16, '331016L'),
(503, 'LINE 3 CM402#3 TBL 2', '', 1, 10, 3, 3, 17, '331017L'),
(504, 'LINE 3 CM402#3 TBL 2', '', 1, 10, 3, 3, 18, '331018L'),
(505, 'LINE 3 CM402#3 TBL 2', '', 1, 10, 3, 3, 19, '331019L'),
(506, 'LINE 3 CM402#3 TBL 2', '', 1, 10, 3, 3, 20, '331020L'),
(507, 'LINE 3 CM402#3 TBL 2', '', 1, 10, 3, 3, 21, '331021L'),
(508, 'LINE 3 CM402#3 TBL 2', '', 1, 10, 3, 3, 22, '331022L'),
(509, 'LINE 3 CM402#3 TBL 2', '', 1, 10, 3, 3, 23, '331023L'),
(510, 'LINE 3 CM402#3 TBL 2', '', 1, 10, 3, 3, 24, '331024L'),
(511, 'LINE 3 CM402#3 TBL 2', '', 1, 10, 3, 3, 25, '331025L'),
(512, 'LINE 3 CM402#3 TBL 2', '', 1, 10, 3, 3, 26, '331026L'),
(513, 'LINE 3 CM402#3 TBL 2', '', 1, 10, 3, 3, 27, '331027L'),
(514, 'LINE 3 CM402#3 TBL 2', '', 2, 10, 3, 3, 1, '33101R'),
(515, 'LINE 3 CM402#3 TBL 2', '', 2, 10, 3, 3, 2, '33102R'),
(516, 'LINE 3 CM402#3 TBL 2', '', 2, 10, 3, 3, 3, '33103R'),
(517, 'LINE 3 CM402#3 TBL 2', '', 2, 10, 3, 3, 4, '33104R'),
(518, 'LINE 3 CM402#3 TBL 2', '', 2, 10, 3, 3, 5, '33105R'),
(519, 'LINE 3 CM402#3 TBL 2', '', 2, 10, 3, 3, 6, '33106R'),
(520, 'LINE 3 CM402#3 TBL 2', '', 2, 10, 3, 3, 7, '33107R'),
(521, 'LINE 3 CM402#3 TBL 2', '', 2, 10, 3, 3, 8, '33108R'),
(522, 'LINE 3 CM402#3 TBL 2', '', 2, 10, 3, 3, 9, '33109R'),
(523, 'LINE 3 CM402#3 TBL 2', '', 2, 10, 3, 3, 10, '331010R'),
(524, 'LINE 3 CM402#3 TBL 2', '', 2, 10, 3, 3, 11, '331011R'),
(525, 'LINE 3 CM402#3 TBL 2', '', 2, 10, 3, 3, 12, '331012R'),
(526, 'LINE 3 CM402#3 TBL 2', '', 2, 10, 3, 3, 13, '331013R'),
(527, 'LINE 3 CM402#3 TBL 2', '', 2, 10, 3, 3, 14, '331014R'),
(528, 'LINE 3 CM402#3 TBL 2', '', 2, 10, 3, 3, 15, '331015R'),
(529, 'LINE 3 CM402#3 TBL 2', '', 2, 10, 3, 3, 16, '331016R'),
(530, 'LINE 3 CM402#3 TBL 2', '', 2, 10, 3, 3, 17, '331017R'),
(531, 'LINE 3 CM402#3 TBL 2', '', 2, 10, 3, 3, 18, '331018R'),
(532, 'LINE 3 CM402#3 TBL 2', '', 2, 10, 3, 3, 19, '331019R'),
(533, 'LINE 3 CM402#3 TBL 2', '', 2, 10, 3, 3, 20, '331020R'),
(534, 'LINE 3 CM402#3 TBL 2', '', 2, 10, 3, 3, 21, '331021R'),
(535, 'LINE 3 CM402#3 TBL 2', '', 2, 10, 3, 3, 22, '331022R'),
(536, 'LINE 3 CM402#3 TBL 2', '', 2, 10, 3, 3, 23, '331023R'),
(537, 'LINE 3 CM402#3 TBL 2', '', 2, 10, 3, 3, 24, '331024R'),
(538, 'LINE 3 CM402#3 TBL 2', '', 2, 10, 3, 3, 25, '331025R'),
(539, 'LINE 3 CM402#3 TBL 2', '', 2, 10, 3, 3, 26, '331026R'),
(540, 'LINE 3 CM402#3 TBL 2', '', 2, 10, 3, 3, 27, '331027R'),
(541, 'LINE 3 CM402#3 TBL 3', '', 1, 11, 3, 3, 1, '33111L'),
(542, 'LINE 3 CM402#3 TBL 3', '', 1, 11, 3, 3, 2, '33112L'),
(543, 'LINE 3 CM402#3 TBL 3', '', 1, 11, 3, 3, 3, '33113L'),
(544, 'LINE 3 CM402#3 TBL 3', '', 1, 11, 3, 3, 4, '33114L'),
(545, 'LINE 3 CM402#3 TBL 3', '', 1, 11, 3, 3, 5, '33115L'),
(546, 'LINE 3 CM402#3 TBL 3', '', 1, 11, 3, 3, 6, '33116L'),
(547, 'LINE 3 CM402#3 TBL 3', '', 1, 11, 3, 3, 7, '33117L'),
(548, 'LINE 3 CM402#3 TBL 3', '', 1, 11, 3, 3, 8, '33118L'),
(549, 'LINE 3 CM402#3 TBL 3', '', 1, 11, 3, 3, 9, '33119L'),
(550, 'LINE 3 CM402#3 TBL 3', '', 1, 11, 3, 3, 10, '331110L'),
(551, 'LINE 3 CM402#3 TBL 3', '', 1, 11, 3, 3, 11, '331111L'),
(552, 'LINE 3 CM402#3 TBL 3', '', 1, 11, 3, 3, 12, '331112L'),
(553, 'LINE 3 CM402#3 TBL 3', '', 1, 11, 3, 3, 13, '331113L'),
(554, 'LINE 3 CM402#3 TBL 3', '', 1, 11, 3, 3, 14, '331114L'),
(555, 'LINE 3 CM402#3 TBL 3', '', 1, 11, 3, 3, 15, '331115L'),
(556, 'LINE 3 CM402#3 TBL 3', '', 1, 11, 3, 3, 16, '331116L'),
(557, 'LINE 3 CM402#3 TBL 3', '', 1, 11, 3, 3, 17, '331117L'),
(558, 'LINE 3 CM402#3 TBL 3', '', 1, 11, 3, 3, 18, '331118L'),
(559, 'LINE 3 CM402#3 TBL 3', '', 1, 11, 3, 3, 19, '331119L'),
(560, 'LINE 3 CM402#3 TBL 3', '', 1, 11, 3, 3, 20, '331120L'),
(561, 'LINE 3 CM402#3 TBL 3', '', 1, 11, 3, 3, 21, '331121L'),
(562, 'LINE 3 CM402#3 TBL 3', '', 1, 11, 3, 3, 22, '331122L'),
(563, 'LINE 3 CM402#3 TBL 3', '', 1, 11, 3, 3, 23, '331123L'),
(564, 'LINE 3 CM402#3 TBL 3', '', 1, 11, 3, 3, 24, '331124L'),
(565, 'LINE 3 CM402#3 TBL 3', '', 1, 11, 3, 3, 25, '331125L'),
(566, 'LINE 3 CM402#3 TBL 3', '', 1, 11, 3, 3, 26, '331126L'),
(567, 'LINE 3 CM402#3 TBL 3', '', 1, 11, 3, 3, 27, '331127L'),
(568, 'LINE 3 CM402#3 TBL 3', '', 2, 11, 3, 3, 1, '33111R'),
(569, 'LINE 3 CM402#3 TBL 3', '', 2, 11, 3, 3, 2, '33112R'),
(570, 'LINE 3 CM402#3 TBL 3', '', 2, 11, 3, 3, 3, '33113R'),
(571, 'LINE 3 CM402#3 TBL 3', '', 2, 11, 3, 3, 4, '33114R'),
(572, 'LINE 3 CM402#3 TBL 3', '', 2, 11, 3, 3, 5, '33115R'),
(573, 'LINE 3 CM402#3 TBL 3', '', 2, 11, 3, 3, 6, '33116R'),
(574, 'LINE 3 CM402#3 TBL 3', '', 2, 11, 3, 3, 7, '33117R'),
(575, 'LINE 3 CM402#3 TBL 3', '', 2, 11, 3, 3, 8, '33118R'),
(576, 'LINE 3 CM402#3 TBL 3', '', 2, 11, 3, 3, 9, '33119R'),
(577, 'LINE 3 CM402#3 TBL 3', '', 2, 11, 3, 3, 10, '331110R'),
(578, 'LINE 3 CM402#3 TBL 3', '', 2, 11, 3, 3, 11, '331111R'),
(579, 'LINE 3 CM402#3 TBL 3', '', 2, 11, 3, 3, 12, '331112R'),
(580, 'LINE 3 CM402#3 TBL 3', '', 2, 11, 3, 3, 13, '331113R'),
(581, 'LINE 3 CM402#3 TBL 3', '', 2, 11, 3, 3, 14, '331114R'),
(582, 'LINE 3 CM402#3 TBL 3', '', 2, 11, 3, 3, 15, '331115R'),
(583, 'LINE 3 CM402#3 TBL 3', '', 2, 11, 3, 3, 16, '331116R'),
(584, 'LINE 3 CM402#3 TBL 3', '', 2, 11, 3, 3, 17, '331117R'),
(585, 'LINE 3 CM402#3 TBL 3', '', 2, 11, 3, 3, 18, '331118R'),
(586, 'LINE 3 CM402#3 TBL 3', '', 2, 11, 3, 3, 19, '331119R'),
(587, 'LINE 3 CM402#3 TBL 3', '', 2, 11, 3, 3, 20, '331120R'),
(588, 'LINE 3 CM402#3 TBL 3', '', 2, 11, 3, 3, 21, '331121R'),
(589, 'LINE 3 CM402#3 TBL 3', '', 2, 11, 3, 3, 22, '331122R'),
(590, 'LINE 3 CM402#3 TBL 3', '', 2, 11, 3, 3, 23, '331123R'),
(591, 'LINE 3 CM402#3 TBL 3', '', 2, 11, 3, 3, 24, '331124R'),
(592, 'LINE 3 CM402#3 TBL 3', '', 2, 11, 3, 3, 25, '331125R'),
(593, 'LINE 3 CM402#3 TBL 3', '', 2, 11, 3, 3, 26, '331126R'),
(594, 'LINE 3 CM402#3 TBL 3', '', 2, 11, 3, 3, 27, '331127R'),
(595, 'LINE 3 CM402#3 TBL 4', '', 1, 12, 3, 3, 1, '33121L'),
(596, 'LINE 3 CM402#3 TBL 4', '', 1, 12, 3, 3, 2, '33122L'),
(597, 'LINE 3 CM402#3 TBL 4', '', 1, 12, 3, 3, 3, '33123L'),
(598, 'LINE 3 CM402#3 TBL 4', '', 1, 12, 3, 3, 4, '33124L'),
(599, 'LINE 3 CM402#3 TBL 4', '', 1, 12, 3, 3, 5, '33125L'),
(600, 'LINE 3 CM402#3 TBL 4', '', 1, 12, 3, 3, 6, '33126L'),
(601, 'LINE 3 CM402#3 TBL 4', '', 1, 12, 3, 3, 7, '33127L'),
(602, 'LINE 3 CM402#3 TBL 4', '', 1, 12, 3, 3, 8, '33128L'),
(603, 'LINE 3 CM402#3 TBL 4', '', 1, 12, 3, 3, 9, '33129L'),
(604, 'LINE 3 CM402#3 TBL 4', '', 1, 12, 3, 3, 10, '331210L'),
(605, 'LINE 3 CM402#3 TBL 4', '', 1, 12, 3, 3, 11, '331211L'),
(606, 'LINE 3 CM402#3 TBL 4', '', 1, 12, 3, 3, 12, '331212L'),
(607, 'LINE 3 CM402#3 TBL 4', '', 1, 12, 3, 3, 13, '331213L'),
(608, 'LINE 3 CM402#3 TBL 4', '', 1, 12, 3, 3, 14, '331214L'),
(609, 'LINE 3 CM402#3 TBL 4', '', 1, 12, 3, 3, 15, '331215L'),
(610, 'LINE 3 CM402#3 TBL 4', '', 1, 12, 3, 3, 16, '331216L'),
(611, 'LINE 3 CM402#3 TBL 4', '', 1, 12, 3, 3, 17, '331217L'),
(612, 'LINE 3 CM402#3 TBL 4', '', 1, 12, 3, 3, 18, '331218L'),
(613, 'LINE 3 CM402#3 TBL 4', '', 1, 12, 3, 3, 19, '331219L'),
(614, 'LINE 3 CM402#3 TBL 4', '', 1, 12, 3, 3, 20, '331220L'),
(615, 'LINE 3 CM402#3 TBL 4', '', 1, 12, 3, 3, 21, '331221L'),
(616, 'LINE 3 CM402#3 TBL 4', '', 1, 12, 3, 3, 22, '331222L'),
(617, 'LINE 3 CM402#3 TBL 4', '', 1, 12, 3, 3, 23, '331223L'),
(618, 'LINE 3 CM402#3 TBL 4', '', 1, 12, 3, 3, 24, '331224L'),
(619, 'LINE 3 CM402#3 TBL 4', '', 1, 12, 3, 3, 25, '331225L'),
(620, 'LINE 3 CM402#3 TBL 4', '', 1, 12, 3, 3, 26, '331226L'),
(621, 'LINE 3 CM402#3 TBL 4', '', 1, 12, 3, 3, 27, '331227L'),
(622, 'LINE 3 CM402#3 TBL 4', '', 2, 12, 3, 3, 1, '33121R'),
(623, 'LINE 3 CM402#3 TBL 4', '', 2, 12, 3, 3, 2, '33122R'),
(624, 'LINE 3 CM402#3 TBL 4', '', 2, 12, 3, 3, 3, '33123R'),
(625, 'LINE 3 CM402#3 TBL 4', '', 2, 12, 3, 3, 4, '33124R'),
(626, 'LINE 3 CM402#3 TBL 4', '', 2, 12, 3, 3, 5, '33125R'),
(627, 'LINE 3 CM402#3 TBL 4', '', 2, 12, 3, 3, 6, '33126R'),
(628, 'LINE 3 CM402#3 TBL 4', '', 2, 12, 3, 3, 7, '33127R'),
(629, 'LINE 3 CM402#3 TBL 4', '', 2, 12, 3, 3, 8, '33128R'),
(630, 'LINE 3 CM402#3 TBL 4', '', 2, 12, 3, 3, 9, '33129R'),
(631, 'LINE 3 CM402#3 TBL 4', '', 2, 12, 3, 3, 10, '331210R'),
(632, 'LINE 3 CM402#3 TBL 4', '', 2, 12, 3, 3, 11, '331211R'),
(633, 'LINE 3 CM402#3 TBL 4', '', 2, 12, 3, 3, 12, '331212R'),
(634, 'LINE 3 CM402#3 TBL 4', '', 2, 12, 3, 3, 13, '331213R'),
(635, 'LINE 3 CM402#3 TBL 4', '', 2, 12, 3, 3, 14, '331214R'),
(636, 'LINE 3 CM402#3 TBL 4', '', 2, 12, 3, 3, 15, '331215R'),
(637, 'LINE 3 CM402#3 TBL 4', '', 2, 12, 3, 3, 16, '331216R'),
(638, 'LINE 3 CM402#3 TBL 4', '', 2, 12, 3, 3, 17, '331217R'),
(639, 'LINE 3 CM402#3 TBL 4', '', 2, 12, 3, 3, 18, '331218R'),
(640, 'LINE 3 CM402#3 TBL 4', '', 2, 12, 3, 3, 19, '331219R'),
(641, 'LINE 3 CM402#3 TBL 4', '', 2, 12, 3, 3, 20, '331220R'),
(642, 'LINE 3 CM402#3 TBL 4', '', 2, 12, 3, 3, 21, '331221R'),
(643, 'LINE 3 CM402#3 TBL 4', '', 2, 12, 3, 3, 22, '331222R'),
(644, 'LINE 3 CM402#3 TBL 4', '', 2, 12, 3, 3, 23, '331223R'),
(645, 'LINE 3 CM402#3 TBL 4', '', 2, 12, 3, 3, 24, '331224R'),
(646, 'LINE 3 CM402#3 TBL 4', '', 2, 12, 3, 3, 25, '331225R'),
(647, 'LINE 3 CM402#3 TBL 4', '', 2, 12, 3, 3, 26, '331226R'),
(648, 'LINE 3 CM402#3 TBL 4', '', 2, 12, 3, 3, 27, '331227R'),
(649, 'LINE 4 CM402#4 TBL 1', '', 1, 13, 4, 4, 1, '44131L'),
(650, 'LINE 4 CM402#4 TBL 1', '', 1, 13, 4, 4, 2, '44132L'),
(651, 'LINE 4 CM402#4 TBL 1', '', 1, 13, 4, 4, 3, '44133L'),
(652, 'LINE 4 CM402#4 TBL 1', '', 1, 13, 4, 4, 4, '44134L'),
(653, 'LINE 4 CM402#4 TBL 1', '', 1, 13, 4, 4, 5, '44135L'),
(654, 'LINE 4 CM402#4 TBL 1', '', 1, 13, 4, 4, 6, '44136L'),
(655, 'LINE 4 CM402#4 TBL 1', '', 1, 13, 4, 4, 7, '44137L'),
(656, 'LINE 4 CM402#4 TBL 1', '', 1, 13, 4, 4, 8, '44138L'),
(657, 'LINE 4 CM402#4 TBL 1', '', 1, 13, 4, 4, 9, '44139L'),
(658, 'LINE 4 CM402#4 TBL 1', '', 1, 13, 4, 4, 10, '441310L'),
(659, 'LINE 4 CM402#4 TBL 1', '', 1, 13, 4, 4, 11, '441311L'),
(660, 'LINE 4 CM402#4 TBL 1', '', 1, 13, 4, 4, 12, '441312L'),
(661, 'LINE 4 CM402#4 TBL 1', '', 1, 13, 4, 4, 13, '441313L'),
(662, 'LINE 4 CM402#4 TBL 1', '', 1, 13, 4, 4, 14, '441314L'),
(663, 'LINE 4 CM402#4 TBL 1', '', 1, 13, 4, 4, 15, '441315L'),
(664, 'LINE 4 CM402#4 TBL 1', '', 1, 13, 4, 4, 16, '441316L'),
(665, 'LINE 4 CM402#4 TBL 1', '', 1, 13, 4, 4, 17, '441317L'),
(666, 'LINE 4 CM402#4 TBL 1', '', 1, 13, 4, 4, 18, '441318L'),
(667, 'LINE 4 CM402#4 TBL 1', '', 1, 13, 4, 4, 19, '441319L'),
(668, 'LINE 4 CM402#4 TBL 1', '', 1, 13, 4, 4, 20, '441320L'),
(669, 'LINE 4 CM402#4 TBL 1', '', 1, 13, 4, 4, 21, '441321L'),
(670, 'LINE 4 CM402#4 TBL 1', '', 1, 13, 4, 4, 22, '441322L'),
(671, 'LINE 4 CM402#4 TBL 1', '', 1, 13, 4, 4, 23, '441323L'),
(672, 'LINE 4 CM402#4 TBL 1', '', 1, 13, 4, 4, 24, '441324L'),
(673, 'LINE 4 CM402#4 TBL 1', '', 1, 13, 4, 4, 25, '441325L'),
(674, 'LINE 4 CM402#4 TBL 1', '', 1, 13, 4, 4, 26, '441326L'),
(675, 'LINE 4 CM402#4 TBL 1', '', 1, 13, 4, 4, 27, '441327L'),
(676, 'LINE 4 CM402#4 TBL 1', '', 2, 13, 4, 4, 1, '44131R'),
(677, 'LINE 4 CM402#4 TBL 1', '', 2, 13, 4, 4, 2, '44132R'),
(678, 'LINE 4 CM402#4 TBL 1', '', 2, 13, 4, 4, 3, '44133R'),
(679, 'LINE 4 CM402#4 TBL 1', '', 2, 13, 4, 4, 4, '44134R'),
(680, 'LINE 4 CM402#4 TBL 1', '', 2, 13, 4, 4, 5, '44135R'),
(681, 'LINE 4 CM402#4 TBL 1', '', 2, 13, 4, 4, 6, '44136R'),
(682, 'LINE 4 CM402#4 TBL 1', '', 2, 13, 4, 4, 7, '44137R'),
(683, 'LINE 4 CM402#4 TBL 1', '', 2, 13, 4, 4, 8, '44138R'),
(684, 'LINE 4 CM402#4 TBL 1', '', 2, 13, 4, 4, 9, '44139R'),
(685, 'LINE 4 CM402#4 TBL 1', '', 2, 13, 4, 4, 10, '441310R'),
(686, 'LINE 4 CM402#4 TBL 1', '', 2, 13, 4, 4, 11, '441311R'),
(687, 'LINE 4 CM402#4 TBL 1', '', 2, 13, 4, 4, 12, '441312R'),
(688, 'LINE 4 CM402#4 TBL 1', '', 2, 13, 4, 4, 13, '441313R'),
(689, 'LINE 4 CM402#4 TBL 1', '', 2, 13, 4, 4, 14, '441314R'),
(690, 'LINE 4 CM402#4 TBL 1', '', 2, 13, 4, 4, 15, '441315R'),
(691, 'LINE 4 CM402#4 TBL 1', '', 2, 13, 4, 4, 16, '441316R'),
(692, 'LINE 4 CM402#4 TBL 1', '', 2, 13, 4, 4, 17, '441317R'),
(693, 'LINE 4 CM402#4 TBL 1', '', 2, 13, 4, 4, 18, '441318R'),
(694, 'LINE 4 CM402#4 TBL 1', '', 2, 13, 4, 4, 19, '441319R'),
(695, 'LINE 4 CM402#4 TBL 1', '', 2, 13, 4, 4, 20, '441320R'),
(696, 'LINE 4 CM402#4 TBL 1', '', 2, 13, 4, 4, 21, '441321R'),
(697, 'LINE 4 CM402#4 TBL 1', '', 2, 13, 4, 4, 22, '441322R'),
(698, 'LINE 4 CM402#4 TBL 1', '', 2, 13, 4, 4, 23, '441323R'),
(699, 'LINE 4 CM402#4 TBL 1', '', 2, 13, 4, 4, 24, '441324R'),
(700, 'LINE 4 CM402#4 TBL 1', '', 2, 13, 4, 4, 25, '441325R'),
(701, 'LINE 4 CM402#4 TBL 1', '', 2, 13, 4, 4, 26, '441326R'),
(702, 'LINE 4 CM402#4 TBL 1', '', 2, 13, 4, 4, 27, '441327R'),
(703, 'LINE 4 CM402#4 TBL 2', '', 1, 14, 4, 4, 1, '44141L'),
(704, 'LINE 4 CM402#4 TBL 2', '', 1, 14, 4, 4, 2, '44142L'),
(705, 'LINE 4 CM402#4 TBL 2', '', 1, 14, 4, 4, 3, '44143L'),
(706, 'LINE 4 CM402#4 TBL 2', '', 1, 14, 4, 4, 4, '44144L'),
(707, 'LINE 4 CM402#4 TBL 2', '', 1, 14, 4, 4, 5, '44145L'),
(708, 'LINE 4 CM402#4 TBL 2', '', 1, 14, 4, 4, 6, '44146L'),
(709, 'LINE 4 CM402#4 TBL 2', '', 1, 14, 4, 4, 7, '44147L'),
(710, 'LINE 4 CM402#4 TBL 2', '', 1, 14, 4, 4, 8, '44148L'),
(711, 'LINE 4 CM402#4 TBL 2', '', 1, 14, 4, 4, 9, '44149L'),
(712, 'LINE 4 CM402#4 TBL 2', '', 1, 14, 4, 4, 10, '441410L'),
(713, 'LINE 4 CM402#4 TBL 2', '', 1, 14, 4, 4, 11, '441411L'),
(714, 'LINE 4 CM402#4 TBL 2', '', 1, 14, 4, 4, 12, '441412L'),
(715, 'LINE 4 CM402#4 TBL 2', '', 1, 14, 4, 4, 13, '441413L'),
(716, 'LINE 4 CM402#4 TBL 2', '', 1, 14, 4, 4, 14, '441414L'),
(717, 'LINE 4 CM402#4 TBL 2', '', 1, 14, 4, 4, 15, '441415L'),
(718, 'LINE 4 CM402#4 TBL 2', '', 1, 14, 4, 4, 16, '441416L'),
(719, 'LINE 4 CM402#4 TBL 2', '', 1, 14, 4, 4, 17, '441417L'),
(720, 'LINE 4 CM402#4 TBL 2', '', 1, 14, 4, 4, 18, '441418L'),
(721, 'LINE 4 CM402#4 TBL 2', '', 1, 14, 4, 4, 19, '441419L'),
(722, 'LINE 4 CM402#4 TBL 2', '', 1, 14, 4, 4, 20, '441420L'),
(723, 'LINE 4 CM402#4 TBL 2', '', 1, 14, 4, 4, 21, '441421L'),
(724, 'LINE 4 CM402#4 TBL 2', '', 1, 14, 4, 4, 22, '441422L'),
(725, 'LINE 4 CM402#4 TBL 2', '', 1, 14, 4, 4, 23, '441423L'),
(726, 'LINE 4 CM402#4 TBL 2', '', 1, 14, 4, 4, 24, '441424L'),
(727, 'LINE 4 CM402#4 TBL 2', '', 1, 14, 4, 4, 25, '441425L'),
(728, 'LINE 4 CM402#4 TBL 2', '', 1, 14, 4, 4, 26, '441426L'),
(729, 'LINE 4 CM402#4 TBL 2', '', 1, 14, 4, 4, 27, '441427L'),
(730, 'LINE 4 CM402#4 TBL 2', '', 2, 14, 4, 4, 1, '44141R'),
(731, 'LINE 4 CM402#4 TBL 2', '', 2, 14, 4, 4, 2, '44142R'),
(732, 'LINE 4 CM402#4 TBL 2', '', 2, 14, 4, 4, 3, '44143R'),
(733, 'LINE 4 CM402#4 TBL 2', '', 2, 14, 4, 4, 4, '44144R'),
(734, 'LINE 4 CM402#4 TBL 2', '', 2, 14, 4, 4, 5, '44145R'),
(735, 'LINE 4 CM402#4 TBL 2', '', 2, 14, 4, 4, 6, '44146R'),
(736, 'LINE 4 CM402#4 TBL 2', '', 2, 14, 4, 4, 7, '44147R'),
(737, 'LINE 4 CM402#4 TBL 2', '', 2, 14, 4, 4, 8, '44148R'),
(738, 'LINE 4 CM402#4 TBL 2', '', 2, 14, 4, 4, 9, '44149R'),
(739, 'LINE 4 CM402#4 TBL 2', '', 2, 14, 4, 4, 10, '441410R'),
(740, 'LINE 4 CM402#4 TBL 2', '', 2, 14, 4, 4, 11, '441411R'),
(741, 'LINE 4 CM402#4 TBL 2', '', 2, 14, 4, 4, 12, '441412R'),
(742, 'LINE 4 CM402#4 TBL 2', '', 2, 14, 4, 4, 13, '441413R'),
(743, 'LINE 4 CM402#4 TBL 2', '', 2, 14, 4, 4, 14, '441414R'),
(744, 'LINE 4 CM402#4 TBL 2', '', 2, 14, 4, 4, 15, '441415R'),
(745, 'LINE 4 CM402#4 TBL 2', '', 2, 14, 4, 4, 16, '441416R'),
(746, 'LINE 4 CM402#4 TBL 2', '', 2, 14, 4, 4, 17, '441417R'),
(747, 'LINE 4 CM402#4 TBL 2', '', 2, 14, 4, 4, 18, '441418R'),
(748, 'LINE 4 CM402#4 TBL 2', '', 2, 14, 4, 4, 19, '441419R'),
(749, 'LINE 4 CM402#4 TBL 2', '', 2, 14, 4, 4, 20, '441420R'),
(750, 'LINE 4 CM402#4 TBL 2', '', 2, 14, 4, 4, 21, '441421R'),
(751, 'LINE 4 CM402#4 TBL 2', '', 2, 14, 4, 4, 22, '441422R'),
(752, 'LINE 4 CM402#4 TBL 2', '', 2, 14, 4, 4, 23, '441423R'),
(753, 'LINE 4 CM402#4 TBL 2', '', 2, 14, 4, 4, 24, '441424R'),
(754, 'LINE 4 CM402#4 TBL 2', '', 2, 14, 4, 4, 25, '441425R'),
(755, 'LINE 4 CM402#4 TBL 2', '', 2, 14, 4, 4, 26, '441426R'),
(756, 'LINE 4 CM402#4 TBL 2', '', 2, 14, 4, 4, 27, '441427R'),
(757, 'LINE 4 CM402#4 TBL 3', '', 1, 15, 4, 4, 1, '44151L'),
(758, 'LINE 4 CM402#4 TBL 3', '', 1, 15, 4, 4, 2, '44152L'),
(759, 'LINE 4 CM402#4 TBL 3', '', 1, 15, 4, 4, 3, '44153L'),
(760, 'LINE 4 CM402#4 TBL 3', '', 1, 15, 4, 4, 4, '44154L'),
(761, 'LINE 4 CM402#4 TBL 3', '', 1, 15, 4, 4, 5, '44155L'),
(762, 'LINE 4 CM402#4 TBL 3', '', 1, 15, 4, 4, 6, '44156L'),
(763, 'LINE 4 CM402#4 TBL 3', '', 1, 15, 4, 4, 7, '44157L'),
(764, 'LINE 4 CM402#4 TBL 3', '', 1, 15, 4, 4, 8, '44158L'),
(765, 'LINE 4 CM402#4 TBL 3', '', 1, 15, 4, 4, 9, '44159L'),
(766, 'LINE 4 CM402#4 TBL 3', '', 1, 15, 4, 4, 10, '441510L'),
(767, 'LINE 4 CM402#4 TBL 3', '', 1, 15, 4, 4, 11, '441511L'),
(768, 'LINE 4 CM402#4 TBL 3', '', 1, 15, 4, 4, 12, '441512L'),
(769, 'LINE 4 CM402#4 TBL 3', '', 1, 15, 4, 4, 13, '441513L'),
(770, 'LINE 4 CM402#4 TBL 3', '', 1, 15, 4, 4, 14, '441514L'),
(771, 'LINE 4 CM402#4 TBL 3', '', 1, 15, 4, 4, 15, '441515L'),
(772, 'LINE 4 CM402#4 TBL 3', '', 1, 15, 4, 4, 16, '441516L'),
(773, 'LINE 4 CM402#4 TBL 3', '', 1, 15, 4, 4, 17, '441517L'),
(774, 'LINE 4 CM402#4 TBL 3', '', 1, 15, 4, 4, 18, '441518L'),
(775, 'LINE 4 CM402#4 TBL 3', '', 1, 15, 4, 4, 19, '441519L'),
(776, 'LINE 4 CM402#4 TBL 3', '', 1, 15, 4, 4, 20, '441520L'),
(777, 'LINE 4 CM402#4 TBL 3', '', 1, 15, 4, 4, 21, '441521L'),
(778, 'LINE 4 CM402#4 TBL 3', '', 1, 15, 4, 4, 22, '441522L'),
(779, 'LINE 4 CM402#4 TBL 3', '', 1, 15, 4, 4, 23, '441523L'),
(780, 'LINE 4 CM402#4 TBL 3', '', 1, 15, 4, 4, 24, '441524L'),
(781, 'LINE 4 CM402#4 TBL 3', '', 1, 15, 4, 4, 25, '441525L'),
(782, 'LINE 4 CM402#4 TBL 3', '', 1, 15, 4, 4, 26, '441526L'),
(783, 'LINE 4 CM402#4 TBL 3', '', 1, 15, 4, 4, 27, '441527L'),
(784, 'LINE 4 CM402#4 TBL 3', '', 2, 15, 4, 4, 1, '44151R'),
(785, 'LINE 4 CM402#4 TBL 3', '', 2, 15, 4, 4, 2, '44152R'),
(786, 'LINE 4 CM402#4 TBL 3', '', 2, 15, 4, 4, 3, '44153R'),
(787, 'LINE 4 CM402#4 TBL 3', '', 2, 15, 4, 4, 4, '44154R'),
(788, 'LINE 4 CM402#4 TBL 3', '', 2, 15, 4, 4, 5, '44155R'),
(789, 'LINE 4 CM402#4 TBL 3', '', 2, 15, 4, 4, 6, '44156R'),
(790, 'LINE 4 CM402#4 TBL 3', '', 2, 15, 4, 4, 7, '44157R'),
(791, 'LINE 4 CM402#4 TBL 3', '', 2, 15, 4, 4, 8, '44158R'),
(792, 'LINE 4 CM402#4 TBL 3', '', 2, 15, 4, 4, 9, '44159R'),
(793, 'LINE 4 CM402#4 TBL 3', '', 2, 15, 4, 4, 10, '441510R'),
(794, 'LINE 4 CM402#4 TBL 3', '', 2, 15, 4, 4, 11, '441511R'),
(795, 'LINE 4 CM402#4 TBL 3', '', 2, 15, 4, 4, 12, '441512R'),
(796, 'LINE 4 CM402#4 TBL 3', '', 2, 15, 4, 4, 13, '441513R'),
(797, 'LINE 4 CM402#4 TBL 3', '', 2, 15, 4, 4, 14, '441514R'),
(798, 'LINE 4 CM402#4 TBL 3', '', 2, 15, 4, 4, 15, '441515R'),
(799, 'LINE 4 CM402#4 TBL 3', '', 2, 15, 4, 4, 16, '441516R'),
(800, 'LINE 4 CM402#4 TBL 3', '', 2, 15, 4, 4, 17, '441517R'),
(801, 'LINE 4 CM402#4 TBL 3', '', 2, 15, 4, 4, 18, '441518R'),
(802, 'LINE 4 CM402#4 TBL 3', '', 2, 15, 4, 4, 19, '441519R'),
(803, 'LINE 4 CM402#4 TBL 3', '', 2, 15, 4, 4, 20, '441520R'),
(804, 'LINE 4 CM402#4 TBL 3', '', 2, 15, 4, 4, 21, '441521R'),
(805, 'LINE 4 CM402#4 TBL 3', '', 2, 15, 4, 4, 22, '441522R'),
(806, 'LINE 4 CM402#4 TBL 3', '', 2, 15, 4, 4, 23, '441523R'),
(807, 'LINE 4 CM402#4 TBL 3', '', 2, 15, 4, 4, 24, '441524R'),
(808, 'LINE 4 CM402#4 TBL 3', '', 2, 15, 4, 4, 25, '441525R'),
(809, 'LINE 4 CM402#4 TBL 3', '', 2, 15, 4, 4, 26, '441526R'),
(810, 'LINE 4 CM402#4 TBL 3', '', 2, 15, 4, 4, 27, '441527R'),
(811, 'LINE 4 CM402#4 TBL 4', '', 1, 16, 4, 4, 1, '44161L'),
(812, 'LINE 4 CM402#4 TBL 4', '', 1, 16, 4, 4, 2, '44162L'),
(813, 'LINE 4 CM402#4 TBL 4', '', 1, 16, 4, 4, 3, '44163L'),
(814, 'LINE 4 CM402#4 TBL 4', '', 1, 16, 4, 4, 4, '44164L'),
(815, 'LINE 4 CM402#4 TBL 4', '', 1, 16, 4, 4, 5, '44165L'),
(816, 'LINE 4 CM402#4 TBL 4', '', 1, 16, 4, 4, 6, '44166L'),
(817, 'LINE 4 CM402#4 TBL 4', '', 1, 16, 4, 4, 7, '44167L'),
(818, 'LINE 4 CM402#4 TBL 4', '', 1, 16, 4, 4, 8, '44168L'),
(819, 'LINE 4 CM402#4 TBL 4', '', 1, 16, 4, 4, 9, '44169L'),
(820, 'LINE 4 CM402#4 TBL 4', '', 1, 16, 4, 4, 10, '441610L'),
(821, 'LINE 4 CM402#4 TBL 4', '', 1, 16, 4, 4, 11, '441611L'),
(822, 'LINE 4 CM402#4 TBL 4', '', 1, 16, 4, 4, 12, '441612L'),
(823, 'LINE 4 CM402#4 TBL 4', '', 1, 16, 4, 4, 13, '441613L'),
(824, 'LINE 4 CM402#4 TBL 4', '', 1, 16, 4, 4, 14, '441614L'),
(825, 'LINE 4 CM402#4 TBL 4', '', 1, 16, 4, 4, 15, '441615L'),
(826, 'LINE 4 CM402#4 TBL 4', '', 1, 16, 4, 4, 16, '441616L'),
(827, 'LINE 4 CM402#4 TBL 4', '', 1, 16, 4, 4, 17, '441617L'),
(828, 'LINE 4 CM402#4 TBL 4', '', 1, 16, 4, 4, 18, '441618L'),
(829, 'LINE 4 CM402#4 TBL 4', '', 1, 16, 4, 4, 19, '441619L'),
(830, 'LINE 4 CM402#4 TBL 4', '', 1, 16, 4, 4, 20, '441620L'),
(831, 'LINE 4 CM402#4 TBL 4', '', 1, 16, 4, 4, 21, '441621L'),
(832, 'LINE 4 CM402#4 TBL 4', '', 1, 16, 4, 4, 22, '441622L'),
(833, 'LINE 4 CM402#4 TBL 4', '', 1, 16, 4, 4, 23, '441623L'),
(834, 'LINE 4 CM402#4 TBL 4', '', 1, 16, 4, 4, 24, '441624L'),
(835, 'LINE 4 CM402#4 TBL 4', '', 1, 16, 4, 4, 25, '441625L'),
(836, 'LINE 4 CM402#4 TBL 4', '', 1, 16, 4, 4, 26, '441626L'),
(837, 'LINE 4 CM402#4 TBL 4', '', 1, 16, 4, 4, 27, '441627L'),
(838, 'LINE 4 CM402#4 TBL 4', '', 2, 16, 4, 4, 1, '44161R'),
(839, 'LINE 4 CM402#4 TBL 4', '', 2, 16, 4, 4, 2, '44162R'),
(840, 'LINE 4 CM402#4 TBL 4', '', 2, 16, 4, 4, 3, '44163R'),
(841, 'LINE 4 CM402#4 TBL 4', '', 2, 16, 4, 4, 4, '44164R'),
(842, 'LINE 4 CM402#4 TBL 4', '', 2, 16, 4, 4, 5, '44165R'),
(843, 'LINE 4 CM402#4 TBL 4', '', 2, 16, 4, 4, 6, '44166R'),
(844, 'LINE 4 CM402#4 TBL 4', '', 2, 16, 4, 4, 7, '44167R');
INSERT INTO `feeder` (`id`, `name`, `size`, `direction_id`, `table_machine_id`, `machine_id`, `Line_id`, `feeder_point_id`, `barcode_feeder`) VALUES
(845, 'LINE 4 CM402#4 TBL 4', '', 2, 16, 4, 4, 8, '44168R'),
(846, 'LINE 4 CM402#4 TBL 4', '', 2, 16, 4, 4, 9, '44169R'),
(847, 'LINE 4 CM402#4 TBL 4', '', 2, 16, 4, 4, 10, '441610R'),
(848, 'LINE 4 CM402#4 TBL 4', '', 2, 16, 4, 4, 11, '441611R'),
(849, 'LINE 4 CM402#4 TBL 4', '', 2, 16, 4, 4, 12, '441612R'),
(850, 'LINE 4 CM402#4 TBL 4', '', 2, 16, 4, 4, 13, '441613R'),
(851, 'LINE 4 CM402#4 TBL 4', '', 2, 16, 4, 4, 14, '441614R'),
(852, 'LINE 4 CM402#4 TBL 4', '', 2, 16, 4, 4, 15, '441615R'),
(853, 'LINE 4 CM402#4 TBL 4', '', 2, 16, 4, 4, 16, '441616R'),
(854, 'LINE 4 CM402#4 TBL 4', '', 2, 16, 4, 4, 17, '441617R'),
(855, 'LINE 4 CM402#4 TBL 4', '', 2, 16, 4, 4, 18, '441618R'),
(856, 'LINE 4 CM402#4 TBL 4', '', 2, 16, 4, 4, 19, '441619R'),
(857, 'LINE 4 CM402#4 TBL 4', '', 2, 16, 4, 4, 20, '441620R'),
(858, 'LINE 4 CM402#4 TBL 4', '', 2, 16, 4, 4, 21, '441621R'),
(859, 'LINE 4 CM402#4 TBL 4', '', 2, 16, 4, 4, 22, '441622R'),
(860, 'LINE 4 CM402#4 TBL 4', '', 2, 16, 4, 4, 23, '441623R'),
(861, 'LINE 4 CM402#4 TBL 4', '', 2, 16, 4, 4, 24, '441624R'),
(862, 'LINE 4 CM402#4 TBL 4', '', 2, 16, 4, 4, 25, '441625R'),
(863, 'LINE 4 CM402#4 TBL 4', '', 2, 16, 4, 4, 26, '441626R'),
(864, 'LINE 4 CM402#4 TBL 4', '', 2, 16, 4, 4, 27, '441627R'),
(865, 'LINE 5 CM402#5 TBL 1', '', 1, 17, 5, 5, 1, '55171L'),
(866, 'LINE 5 CM402#5 TBL 1', '', 1, 17, 5, 5, 2, '55172L'),
(867, 'LINE 5 CM402#5 TBL 1', '', 1, 17, 5, 5, 3, '55173L'),
(868, 'LINE 5 CM402#5 TBL 1', '', 1, 17, 5, 5, 4, '55174L'),
(869, 'LINE 5 CM402#5 TBL 1', '', 1, 17, 5, 5, 5, '55175L'),
(870, 'LINE 5 CM402#5 TBL 1', '', 1, 17, 5, 5, 6, '55176L'),
(871, 'LINE 5 CM402#5 TBL 1', '', 1, 17, 5, 5, 7, '55177L'),
(872, 'LINE 5 CM402#5 TBL 1', '', 1, 17, 5, 5, 8, '55178L'),
(873, 'LINE 5 CM402#5 TBL 1', '', 1, 17, 5, 5, 9, '55179L'),
(874, 'LINE 5 CM402#5 TBL 1', '', 1, 17, 5, 5, 10, '551710L'),
(875, 'LINE 5 CM402#5 TBL 1', '', 1, 17, 5, 5, 11, '551711L'),
(876, 'LINE 5 CM402#5 TBL 1', '', 1, 17, 5, 5, 12, '551712L'),
(877, 'LINE 5 CM402#5 TBL 1', '', 1, 17, 5, 5, 13, '551713L'),
(878, 'LINE 5 CM402#5 TBL 1', '', 1, 17, 5, 5, 14, '551714L'),
(879, 'LINE 5 CM402#5 TBL 1', '', 1, 17, 5, 5, 15, '551715L'),
(880, 'LINE 5 CM402#5 TBL 1', '', 1, 17, 5, 5, 16, '551716L'),
(881, 'LINE 5 CM402#5 TBL 1', '', 1, 17, 5, 5, 17, '551717L'),
(882, 'LINE 5 CM402#5 TBL 1', '', 1, 17, 5, 5, 18, '551718L'),
(883, 'LINE 5 CM402#5 TBL 1', '', 1, 17, 5, 5, 19, '551719L'),
(884, 'LINE 5 CM402#5 TBL 1', '', 1, 17, 5, 5, 20, '551720L'),
(885, 'LINE 5 CM402#5 TBL 1', '', 1, 17, 5, 5, 21, '551721L'),
(886, 'LINE 5 CM402#5 TBL 1', '', 1, 17, 5, 5, 22, '551722L'),
(887, 'LINE 5 CM402#5 TBL 1', '', 1, 17, 5, 5, 23, '551723L'),
(888, 'LINE 5 CM402#5 TBL 1', '', 1, 17, 5, 5, 24, '551724L'),
(889, 'LINE 5 CM402#5 TBL 1', '', 1, 17, 5, 5, 25, '551725L'),
(890, 'LINE 5 CM402#5 TBL 1', '', 1, 17, 5, 5, 26, '551726L'),
(891, 'LINE 5 CM402#5 TBL 1', '', 1, 17, 5, 5, 27, '551727L'),
(892, 'LINE 5 CM402#5 TBL 1', '', 2, 17, 5, 5, 1, '55171R'),
(893, 'LINE 5 CM402#5 TBL 1', '', 2, 17, 5, 5, 2, '55172R'),
(894, 'LINE 5 CM402#5 TBL 1', '', 2, 17, 5, 5, 3, '55173R'),
(895, 'LINE 5 CM402#5 TBL 1', '', 2, 17, 5, 5, 4, '55174R'),
(896, 'LINE 5 CM402#5 TBL 1', '', 2, 17, 5, 5, 5, '55175R'),
(897, 'LINE 5 CM402#5 TBL 1', '', 2, 17, 5, 5, 6, '55176R'),
(898, 'LINE 5 CM402#5 TBL 1', '', 2, 17, 5, 5, 7, '55177R'),
(899, 'LINE 5 CM402#5 TBL 1', '', 2, 17, 5, 5, 8, '55178R'),
(900, 'LINE 5 CM402#5 TBL 1', '', 2, 17, 5, 5, 9, '55179R'),
(901, 'LINE 5 CM402#5 TBL 1', '', 2, 17, 5, 5, 10, '551710R'),
(902, 'LINE 5 CM402#5 TBL 1', '', 2, 17, 5, 5, 11, '551711R'),
(903, 'LINE 5 CM402#5 TBL 1', '', 2, 17, 5, 5, 12, '551712R'),
(904, 'LINE 5 CM402#5 TBL 1', '', 2, 17, 5, 5, 13, '551713R'),
(905, 'LINE 5 CM402#5 TBL 1', '', 2, 17, 5, 5, 14, '551714R'),
(906, 'LINE 5 CM402#5 TBL 1', '', 2, 17, 5, 5, 15, '551715R'),
(907, 'LINE 5 CM402#5 TBL 1', '', 2, 17, 5, 5, 16, '551716R'),
(908, 'LINE 5 CM402#5 TBL 1', '', 2, 17, 5, 5, 17, '551717R'),
(909, 'LINE 5 CM402#5 TBL 1', '', 2, 17, 5, 5, 18, '551718R'),
(910, 'LINE 5 CM402#5 TBL 1', '', 2, 17, 5, 5, 19, '551719R'),
(911, 'LINE 5 CM402#5 TBL 1', '', 2, 17, 5, 5, 20, '551720R'),
(912, 'LINE 5 CM402#5 TBL 1', '', 2, 17, 5, 5, 21, '551721R'),
(913, 'LINE 5 CM402#5 TBL 1', '', 2, 17, 5, 5, 22, '551722R'),
(914, 'LINE 5 CM402#5 TBL 1', '', 2, 17, 5, 5, 23, '551723R'),
(915, 'LINE 5 CM402#5 TBL 1', '', 2, 17, 5, 5, 24, '551724R'),
(916, 'LINE 5 CM402#5 TBL 1', '', 2, 17, 5, 5, 25, '551725R'),
(917, 'LINE 5 CM402#5 TBL 1', '', 2, 17, 5, 5, 26, '551726R'),
(918, 'LINE 5 CM402#5 TBL 1', '', 2, 17, 5, 5, 27, '551727R'),
(919, 'LINE 5 CM402#5 TBL 2', '', 1, 18, 5, 5, 1, '55181L'),
(920, 'LINE 5 CM402#5 TBL 2', '', 1, 18, 5, 5, 2, '55182L'),
(921, 'LINE 5 CM402#5 TBL 2', '', 1, 18, 5, 5, 3, '55183L'),
(922, 'LINE 5 CM402#5 TBL 2', '', 1, 18, 5, 5, 4, '55184L'),
(923, 'LINE 5 CM402#5 TBL 2', '', 1, 18, 5, 5, 5, '55185L'),
(924, 'LINE 5 CM402#5 TBL 2', '', 1, 18, 5, 5, 6, '55186L'),
(925, 'LINE 5 CM402#5 TBL 2', '', 1, 18, 5, 5, 7, '55187L'),
(926, 'LINE 5 CM402#5 TBL 2', '', 1, 18, 5, 5, 8, '55188L'),
(927, 'LINE 5 CM402#5 TBL 2', '', 1, 18, 5, 5, 9, '55189L'),
(928, 'LINE 5 CM402#5 TBL 2', '', 1, 18, 5, 5, 10, '551810L'),
(929, 'LINE 5 CM402#5 TBL 2', '', 1, 18, 5, 5, 11, '551811L'),
(930, 'LINE 5 CM402#5 TBL 2', '', 1, 18, 5, 5, 12, '551812L'),
(931, 'LINE 5 CM402#5 TBL 2', '', 1, 18, 5, 5, 13, '551813L'),
(932, 'LINE 5 CM402#5 TBL 2', '', 1, 18, 5, 5, 14, '551814L'),
(933, 'LINE 5 CM402#5 TBL 2', '', 1, 18, 5, 5, 15, '551815L'),
(934, 'LINE 5 CM402#5 TBL 2', '', 1, 18, 5, 5, 16, '551816L'),
(935, 'LINE 5 CM402#5 TBL 2', '', 1, 18, 5, 5, 17, '551817L'),
(936, 'LINE 5 CM402#5 TBL 2', '', 1, 18, 5, 5, 18, '551818L'),
(937, 'LINE 5 CM402#5 TBL 2', '', 1, 18, 5, 5, 19, '551819L'),
(938, 'LINE 5 CM402#5 TBL 2', '', 1, 18, 5, 5, 20, '551820L'),
(939, 'LINE 5 CM402#5 TBL 2', '', 1, 18, 5, 5, 21, '551821L'),
(940, 'LINE 5 CM402#5 TBL 2', '', 1, 18, 5, 5, 22, '551822L'),
(941, 'LINE 5 CM402#5 TBL 2', '', 1, 18, 5, 5, 23, '551823L'),
(942, 'LINE 5 CM402#5 TBL 2', '', 1, 18, 5, 5, 24, '551824L'),
(943, 'LINE 5 CM402#5 TBL 2', '', 1, 18, 5, 5, 25, '551825L'),
(944, 'LINE 5 CM402#5 TBL 2', '', 1, 18, 5, 5, 26, '551826L'),
(945, 'LINE 5 CM402#5 TBL 2', '', 1, 18, 5, 5, 27, '551827L'),
(946, 'LINE 5 CM402#5 TBL 2', '', 2, 18, 5, 5, 1, '55181R'),
(947, 'LINE 5 CM402#5 TBL 2', '', 2, 18, 5, 5, 2, '55182R'),
(948, 'LINE 5 CM402#5 TBL 2', '', 2, 18, 5, 5, 3, '55183R'),
(949, 'LINE 5 CM402#5 TBL 2', '', 2, 18, 5, 5, 4, '55184R'),
(950, 'LINE 5 CM402#5 TBL 2', '', 2, 18, 5, 5, 5, '55185R'),
(951, 'LINE 5 CM402#5 TBL 2', '', 2, 18, 5, 5, 6, '55186R'),
(952, 'LINE 5 CM402#5 TBL 2', '', 2, 18, 5, 5, 7, '55187R'),
(953, 'LINE 5 CM402#5 TBL 2', '', 2, 18, 5, 5, 8, '55188R'),
(954, 'LINE 5 CM402#5 TBL 2', '', 2, 18, 5, 5, 9, '55189R'),
(955, 'LINE 5 CM402#5 TBL 2', '', 2, 18, 5, 5, 10, '551810R'),
(956, 'LINE 5 CM402#5 TBL 2', '', 2, 18, 5, 5, 11, '551811R'),
(957, 'LINE 5 CM402#5 TBL 2', '', 2, 18, 5, 5, 12, '551812R'),
(958, 'LINE 5 CM402#5 TBL 2', '', 2, 18, 5, 5, 13, '551813R'),
(959, 'LINE 5 CM402#5 TBL 2', '', 2, 18, 5, 5, 14, '551814R'),
(960, 'LINE 5 CM402#5 TBL 2', '', 2, 18, 5, 5, 15, '551815R'),
(961, 'LINE 5 CM402#5 TBL 2', '', 2, 18, 5, 5, 16, '551816R'),
(962, 'LINE 5 CM402#5 TBL 2', '', 2, 18, 5, 5, 17, '551817R'),
(963, 'LINE 5 CM402#5 TBL 2', '', 2, 18, 5, 5, 18, '551818R'),
(964, 'LINE 5 CM402#5 TBL 2', '', 2, 18, 5, 5, 19, '551819R'),
(965, 'LINE 5 CM402#5 TBL 2', '', 2, 18, 5, 5, 20, '551820R'),
(966, 'LINE 5 CM402#5 TBL 2', '', 2, 18, 5, 5, 21, '551821R'),
(967, 'LINE 5 CM402#5 TBL 2', '', 2, 18, 5, 5, 22, '551822R'),
(968, 'LINE 5 CM402#5 TBL 2', '', 2, 18, 5, 5, 23, '551823R'),
(969, 'LINE 5 CM402#5 TBL 2', '', 2, 18, 5, 5, 24, '551824R'),
(970, 'LINE 5 CM402#5 TBL 2', '', 2, 18, 5, 5, 25, '551825R'),
(971, 'LINE 5 CM402#5 TBL 2', '', 2, 18, 5, 5, 26, '551826R'),
(972, 'LINE 5 CM402#5 TBL 2', '', 2, 18, 5, 5, 27, '551827R'),
(973, 'LINE 5 CM402#5 TBL 3', '', 1, 19, 5, 5, 1, '55191L'),
(974, 'LINE 5 CM402#5 TBL 3', '', 1, 19, 5, 5, 2, '55192L'),
(975, 'LINE 5 CM402#5 TBL 3', '', 1, 19, 5, 5, 3, '55193L'),
(976, 'LINE 5 CM402#5 TBL 3', '', 1, 19, 5, 5, 4, '55194L'),
(977, 'LINE 5 CM402#5 TBL 3', '', 1, 19, 5, 5, 5, '55195L'),
(978, 'LINE 5 CM402#5 TBL 3', '', 1, 19, 5, 5, 6, '55196L'),
(979, 'LINE 5 CM402#5 TBL 3', '', 1, 19, 5, 5, 7, '55197L'),
(980, 'LINE 5 CM402#5 TBL 3', '', 1, 19, 5, 5, 8, '55198L'),
(981, 'LINE 5 CM402#5 TBL 3', '', 1, 19, 5, 5, 9, '55199L'),
(982, 'LINE 5 CM402#5 TBL 3', '', 1, 19, 5, 5, 10, '551910L'),
(983, 'LINE 5 CM402#5 TBL 3', '', 1, 19, 5, 5, 11, '551911L'),
(984, 'LINE 5 CM402#5 TBL 3', '', 1, 19, 5, 5, 12, '551912L'),
(985, 'LINE 5 CM402#5 TBL 3', '', 1, 19, 5, 5, 13, '551913L'),
(986, 'LINE 5 CM402#5 TBL 3', '', 1, 19, 5, 5, 14, '551914L'),
(987, 'LINE 5 CM402#5 TBL 3', '', 1, 19, 5, 5, 15, '551915L'),
(988, 'LINE 5 CM402#5 TBL 3', '', 1, 19, 5, 5, 16, '551916L'),
(989, 'LINE 5 CM402#5 TBL 3', '', 1, 19, 5, 5, 17, '551917L'),
(990, 'LINE 5 CM402#5 TBL 3', '', 1, 19, 5, 5, 18, '551918L'),
(991, 'LINE 5 CM402#5 TBL 3', '', 1, 19, 5, 5, 19, '551919L'),
(992, 'LINE 5 CM402#5 TBL 3', '', 1, 19, 5, 5, 20, '551920L'),
(993, 'LINE 5 CM402#5 TBL 3', '', 1, 19, 5, 5, 21, '551921L'),
(994, 'LINE 5 CM402#5 TBL 3', '', 1, 19, 5, 5, 22, '551922L'),
(995, 'LINE 5 CM402#5 TBL 3', '', 1, 19, 5, 5, 23, '551923L'),
(996, 'LINE 5 CM402#5 TBL 3', '', 1, 19, 5, 5, 24, '551924L'),
(997, 'LINE 5 CM402#5 TBL 3', '', 1, 19, 5, 5, 25, '551925L'),
(998, 'LINE 5 CM402#5 TBL 3', '', 1, 19, 5, 5, 26, '551926L'),
(999, 'LINE 5 CM402#5 TBL 3', '', 1, 19, 5, 5, 27, '551927L'),
(1000, 'LINE 5 CM402#5 TBL 3', '', 2, 19, 5, 5, 1, '55191R'),
(1001, 'LINE 5 CM402#5 TBL 3', '', 2, 19, 5, 5, 2, '55192R'),
(1002, 'LINE 5 CM402#5 TBL 3', '', 2, 19, 5, 5, 3, '55193R'),
(1003, 'LINE 5 CM402#5 TBL 3', '', 2, 19, 5, 5, 4, '55194R'),
(1004, 'LINE 5 CM402#5 TBL 3', '', 2, 19, 5, 5, 5, '55195R'),
(1005, 'LINE 5 CM402#5 TBL 3', '', 2, 19, 5, 5, 6, '55196R'),
(1006, 'LINE 5 CM402#5 TBL 3', '', 2, 19, 5, 5, 7, '55197R'),
(1007, 'LINE 5 CM402#5 TBL 3', '', 2, 19, 5, 5, 8, '55198R'),
(1008, 'LINE 5 CM402#5 TBL 3', '', 2, 19, 5, 5, 9, '55199R'),
(1009, 'LINE 5 CM402#5 TBL 3', '', 2, 19, 5, 5, 10, '551910R'),
(1010, 'LINE 5 CM402#5 TBL 3', '', 2, 19, 5, 5, 11, '551911R'),
(1011, 'LINE 5 CM402#5 TBL 3', '', 2, 19, 5, 5, 12, '551912R'),
(1012, 'LINE 5 CM402#5 TBL 3', '', 2, 19, 5, 5, 13, '551913R'),
(1013, 'LINE 5 CM402#5 TBL 3', '', 2, 19, 5, 5, 14, '551914R'),
(1014, 'LINE 5 CM402#5 TBL 3', '', 2, 19, 5, 5, 15, '551915R'),
(1015, 'LINE 5 CM402#5 TBL 3', '', 2, 19, 5, 5, 16, '551916R'),
(1016, 'LINE 5 CM402#5 TBL 3', '', 2, 19, 5, 5, 17, '551917R'),
(1017, 'LINE 5 CM402#5 TBL 3', '', 2, 19, 5, 5, 18, '551918R'),
(1018, 'LINE 5 CM402#5 TBL 3', '', 2, 19, 5, 5, 19, '551919R'),
(1019, 'LINE 5 CM402#5 TBL 3', '', 2, 19, 5, 5, 20, '551920R'),
(1020, 'LINE 5 CM402#5 TBL 3', '', 2, 19, 5, 5, 21, '551921R'),
(1021, 'LINE 5 CM402#5 TBL 3', '', 2, 19, 5, 5, 22, '551922R'),
(1022, 'LINE 5 CM402#5 TBL 3', '', 2, 19, 5, 5, 23, '551923R'),
(1023, 'LINE 5 CM402#5 TBL 3', '', 2, 19, 5, 5, 24, '551924R'),
(1024, 'LINE 5 CM402#5 TBL 3', '', 2, 19, 5, 5, 25, '551925R'),
(1025, 'LINE 5 CM402#5 TBL 3', '', 2, 19, 5, 5, 26, '551926R'),
(1026, 'LINE 5 CM402#5 TBL 3', '', 2, 19, 5, 5, 27, '551927R'),
(1027, 'LINE 5 CM402#5 TBL 4', '', 1, 20, 5, 5, 1, '55201L'),
(1028, 'LINE 5 CM402#5 TBL 4', '', 1, 20, 5, 5, 2, '55202L'),
(1029, 'LINE 5 CM402#5 TBL 4', '', 1, 20, 5, 5, 3, '55203L'),
(1030, 'LINE 5 CM402#5 TBL 4', '', 1, 20, 5, 5, 4, '55204L'),
(1031, 'LINE 5 CM402#5 TBL 4', '', 1, 20, 5, 5, 5, '55205L'),
(1032, 'LINE 5 CM402#5 TBL 4', '', 1, 20, 5, 5, 6, '55206L'),
(1033, 'LINE 5 CM402#5 TBL 4', '', 1, 20, 5, 5, 7, '55207L'),
(1034, 'LINE 5 CM402#5 TBL 4', '', 1, 20, 5, 5, 8, '55208L'),
(1035, 'LINE 5 CM402#5 TBL 4', '', 1, 20, 5, 5, 9, '55209L'),
(1036, 'LINE 5 CM402#5 TBL 4', '', 1, 20, 5, 5, 10, '552010L'),
(1037, 'LINE 5 CM402#5 TBL 4', '', 1, 20, 5, 5, 11, '552011L'),
(1038, 'LINE 5 CM402#5 TBL 4', '', 1, 20, 5, 5, 12, '552012L'),
(1039, 'LINE 5 CM402#5 TBL 4', '', 1, 20, 5, 5, 13, '552013L'),
(1040, 'LINE 5 CM402#5 TBL 4', '', 1, 20, 5, 5, 14, '552014L'),
(1041, 'LINE 5 CM402#5 TBL 4', '', 1, 20, 5, 5, 15, '552015L'),
(1042, 'LINE 5 CM402#5 TBL 4', '', 1, 20, 5, 5, 16, '552016L'),
(1043, 'LINE 5 CM402#5 TBL 4', '', 1, 20, 5, 5, 17, '552017L'),
(1044, 'LINE 5 CM402#5 TBL 4', '', 1, 20, 5, 5, 18, '552018L'),
(1045, 'LINE 5 CM402#5 TBL 4', '', 1, 20, 5, 5, 19, '552019L'),
(1046, 'LINE 5 CM402#5 TBL 4', '', 1, 20, 5, 5, 20, '552020L'),
(1047, 'LINE 5 CM402#5 TBL 4', '', 1, 20, 5, 5, 21, '552021L'),
(1048, 'LINE 5 CM402#5 TBL 4', '', 1, 20, 5, 5, 22, '552022L'),
(1049, 'LINE 5 CM402#5 TBL 4', '', 1, 20, 5, 5, 23, '552023L'),
(1050, 'LINE 5 CM402#5 TBL 4', '', 1, 20, 5, 5, 24, '552024L'),
(1051, 'LINE 5 CM402#5 TBL 4', '', 1, 20, 5, 5, 25, '552025L'),
(1052, 'LINE 5 CM402#5 TBL 4', '', 1, 20, 5, 5, 26, '552026L'),
(1053, 'LINE 5 CM402#5 TBL 4', '', 1, 20, 5, 5, 27, '552027L'),
(1054, 'LINE 5 CM402#5 TBL 4', '', 2, 20, 5, 5, 1, '55201R'),
(1055, 'LINE 5 CM402#5 TBL 4', '', 2, 20, 5, 5, 2, '55202R'),
(1056, 'LINE 5 CM402#5 TBL 4', '', 2, 20, 5, 5, 3, '55203R'),
(1057, 'LINE 5 CM402#5 TBL 4', '', 2, 20, 5, 5, 4, '55204R'),
(1058, 'LINE 5 CM402#5 TBL 4', '', 2, 20, 5, 5, 5, '55205R'),
(1059, 'LINE 5 CM402#5 TBL 4', '', 2, 20, 5, 5, 6, '55206R'),
(1060, 'LINE 5 CM402#5 TBL 4', '', 2, 20, 5, 5, 7, '55207R'),
(1061, 'LINE 5 CM402#5 TBL 4', '', 2, 20, 5, 5, 8, '55208R'),
(1062, 'LINE 5 CM402#5 TBL 4', '', 2, 20, 5, 5, 9, '55209R'),
(1063, 'LINE 5 CM402#5 TBL 4', '', 2, 20, 5, 5, 10, '552010R'),
(1064, 'LINE 5 CM402#5 TBL 4', '', 2, 20, 5, 5, 11, '552011R'),
(1065, 'LINE 5 CM402#5 TBL 4', '', 2, 20, 5, 5, 12, '552012R'),
(1066, 'LINE 5 CM402#5 TBL 4', '', 2, 20, 5, 5, 13, '552013R'),
(1067, 'LINE 5 CM402#5 TBL 4', '', 2, 20, 5, 5, 14, '552014R'),
(1068, 'LINE 5 CM402#5 TBL 4', '', 2, 20, 5, 5, 15, '552015R'),
(1069, 'LINE 5 CM402#5 TBL 4', '', 2, 20, 5, 5, 16, '552016R'),
(1070, 'LINE 5 CM402#5 TBL 4', '', 2, 20, 5, 5, 17, '552017R'),
(1071, 'LINE 5 CM402#5 TBL 4', '', 2, 20, 5, 5, 18, '552018R'),
(1072, 'LINE 5 CM402#5 TBL 4', '', 2, 20, 5, 5, 19, '552019R'),
(1073, 'LINE 5 CM402#5 TBL 4', '', 2, 20, 5, 5, 20, '552020R'),
(1074, 'LINE 5 CM402#5 TBL 4', '', 2, 20, 5, 5, 21, '552021R'),
(1075, 'LINE 5 CM402#5 TBL 4', '', 2, 20, 5, 5, 22, '552022R'),
(1076, 'LINE 5 CM402#5 TBL 4', '', 2, 20, 5, 5, 23, '552023R'),
(1077, 'LINE 5 CM402#5 TBL 4', '', 2, 20, 5, 5, 24, '552024R'),
(1078, 'LINE 5 CM402#5 TBL 4', '', 2, 20, 5, 5, 25, '552025R'),
(1079, 'LINE 5 CM402#5 TBL 4', '', 2, 20, 5, 5, 26, '552026R'),
(1080, 'LINE 5 CM402#5 TBL 4', '', 2, 20, 5, 5, 27, '552027R'),
(1081, 'LINE 2 BM231#2 Rear 13 L', '', 1, 21, 7, 2, 13, '272113L');

-- --------------------------------------------------------

--
-- Table structure for table `feeder_point`
--

CREATE TABLE `feeder_point` (
  `id` int(11) NOT NULL
) ENGINE=InnoDB DEFAULT CHARSET=utf8;

--
-- Dumping data for table `feeder_point`
--

INSERT INTO `feeder_point` (`id`) VALUES
(1),
(2),
(3),
(4),
(5),
(6),
(7),
(8),
(9),
(10),
(11),
(12),
(13),
(14),
(15),
(16),
(17),
(18),
(19),
(20),
(21),
(22),
(23),
(24),
(25),
(26),
(27);

-- --------------------------------------------------------

--
-- Table structure for table `item`
--

CREATE TABLE `item` (
  `part_no` varchar(100) NOT NULL,
  `part_name` varchar(100) NOT NULL,
  `part_type` int(11) NOT NULL,
  `celco_code` varchar(50) NOT NULL,
  `description` varchar(255) NOT NULL,
  `part_size` varchar(255) NOT NULL
) ENGINE=InnoDB DEFAULT CHARSET=utf8;

--
-- Dumping data for table `item`
--

INSERT INTO `item` (`part_no`, `part_name`, `part_type`, `celco_code`, `description`, `part_size`) VALUES
('0313105000', '', 1, 'DL029', '', ''),
('0313182000', '', 1, 'DL030', '', ''),
('0313202000', '', 1, 'DL008', '', ''),
('0313332000', '', 1, 'DL031', '', ''),
('0313623000', '', 1, 'DL009', '', ''),
('0313822000', '', 1, 'DL010', '', ''),
('0331598501', '', 1, 'DL032', '', ''),
('0331598506', '', 2, 'DL032.1', '', ''),
('0341004300', '', 1, 'DL065', '', ''),
('0341026300', '', 1, 'DL033', '', ''),
('0341037300', '', 1, 'DL034', '', ''),
('0341041300', '', 1, 'DL035', '', ''),
('0341041301M ', 'AC0603FR-07 1KL', 2, 'DL097.1', '', ''),
('0341041303M', 'RK73H1JTTD1001F', 1, 'DL097', '', ''),
('0341059300', '', 1, 'DL011', '', ''),
('0341059301M', 'AC0603FR-07 10KL', 1, 'DL098', '', ''),
('0341059303M', 'RK73H1JTTD1002F', 2, 'DL098.1', '', ''),
('0341066301M', 'AC0603FR-07 20KL', 1, 'DL099', '', ''),
('0341066303M', 'RK73H1JTTD2002F', 2, 'DL099.1', '', ''),
('0341087300', '', 1, 'DL036', '', ''),
('0341087301M', 'AC0603FR-07 100KL', 1, 'DL100', '', ''),
('0341087303M', 'RK73H1JTTD1003F', 2, 'DL100.2', '', ''),
('0341142301M', 'AC0603FR-07 5K1L', 1, 'DL101', '', ''),
('0341142303M', 'RK73H1JTTD5101F', 2, 'DL101.1', '', ''),
('0341222301M', 'AC0603FR-07 511RL', 1, 'DL102', '', ''),
('0341222303M', 'RK73H1JTTD5110F', 2, 'DL102.1', '', ''),
('0341256300', '', 1, 'DL037', '', ''),
('0341298301M', 'AC0603FR-07 2K43L', 1, 'DL103', '', ''),
('0341298303M', 'RK73H1JTTD2431F', 2, 'DL103.1', '', ''),
('0341298308M', 'CRCW06032K43FKEA', 2, 'DL103.2', '', ''),
('0343000300 ', '', 1, 'DL082', '', ''),
('0343101100', '', 1, 'DL038', '', ''),
('0343101300', '', 1, 'DL002', '', ''),
('0343102300', '', 1, 'DL012', '', ''),
('0343103300', '', 1, 'DL066', '', ''),
('0343104100', '', 1, 'DL039', '', ''),
('0343104301M', 'AC0603JR-07 100KL', 2, 'DL100.1', '', ''),
('0343152100', '', 1, 'DL083', '', ''),
('0343183300', '', 1, 'DL040', '', ''),
('0343200300', '', 1, 'DL041', '', ''),
('0343222300', '', 1, 'DL042', '', ''),
('0343302300', '', 1, 'DL067', '', ''),
('0343303100', '', 1, 'DL084', '', ''),
('0343331300', '', 1, 'DL013', '', ''),
('0343511100', '', 1, 'DL085', '', ''),
('0343511300', '', 1, 'DL014', '', ''),
('0343512300', '', 1, 'DL043', '', ''),
('0343513100', '', 1, 'DL044', '', ''),
('0343562100', '', 1, 'DL068', '', ''),
('0353103700', '', 1, 'DL126', '', ''),
('0891420102', '0466001.NR                     ', 1, 'DL015', '', ''),
('0891420402', '', 1, 'DL045', '', ''),
('0891420416', 'F1206HI2000V063TM', 2, 'DL045.1', '', ''),
('0898041902M', 'MINIASMDC200F/16-2', 1, 'DL104', '', ''),
('0921400445', 'TVM2B220K431RY', 1, 'DL046', '', ''),
('0923002389', 'SFI0603ML470C-LF', 1, 'DL069', '', ''),
('0923002489', 'SFI0805ML470C-LF', 1, 'DL070', '', ''),
('0924080889', 'SFI0603ML080C-LF', 1, 'DL071', '', ''),
('0925001445', 'TVM3B820K181RY', 1, 'DL047', '', ''),
('12345', '12345', 1, 'DL12345', '', ''),
('123456', '123456', 2, 'DL123456', '', ''),
('1511445000', '', 1, 'DL072', '', ''),
('1512445000', '', 1, 'DL048', '', ''),
('1512445039M', 'GCM188R71H102KA37D', 1, 'DL105', '', ''),
('1512445049M', 'C0603C102K5RACAUTO', 2, 'DL105.1', '', ''),
('1512445063M', 'CGA3E2X7R1H102KT', 2, 'DL105.3', '', ''),
('1512445096M', 'CL10B102KB8WPNC', 2, 'DL105.2', '', ''),
('1512458000', '', 1, 'DL073', '', ''),
('1512458039M', 'GCM188R71H104KA57D', 1, 'DL106', '', ''),
('1512458049M', 'C0603C104K5RACAUTO', 2, 'DL106.1', '', ''),
('1512458063M', 'CGA3E2X7R1H104KT', 2, 'DL106.2', '', ''),
('1512458086M', 'CL10B104KB8WPNC', 2, 'DL106.3', '', ''),
('1512458139M', 'GCM21BR71H104KA37L', 1, 'DL107', '', ''),
('1512458196M', 'CL21B104KBFWPNE', 2, 'DL107.1', '', ''),
('1512467100 ', '', 1, 'DL086', '', ''),
('1512489200', '', 1, 'DL074', '', ''),
('1522458100', '', 1, 'DL049', '', ''),
('1522467200', '', 1, 'DL016', '', ''),
('1522467216', 'CL31B105KCHNFNE', 2, 'DL016.1', '', ''),
('1522487264', 'GRJ31CR72A225KE11L ', 1, 'DL050', '', ''),
('1542458000', '', 1, 'DL051', '', ''),
('1542467000', '', 1, 'DL052', '', ''),
('1542487100', '', 1, 'DL017', '', ''),
('1552458000', '', 1, 'DL087', '', ''),
('1552458100', '', 1, 'DL018', '', ''),
('1552458149M', 'C0805C104K3RACAUTO', 2, 'DL107.2', '', ''),
('1552467000', '', 1, 'DL003', '', ''),
('1552467139M', 'GCM21BR71E105KA56L', 1, 'DL108', '', ''),
('1552467149M', 'C0805C105K3RACAUTO', 2, 'DL108.1', '', ''),
('1552467163M', 'CGA4J3X7R1E105KT', 2, 'DL108.2', '', ''),
('1552467186M', 'CL21B105KAFVPNE', 2, 'DL108.3', '', ''),
('1552487100', '', 1, 'DL088', '', ''),
('1552487139M', 'GCM21BR71E225KA73L', 1, 'DL109', '', ''),
('1552487163M', 'CGA4J3X7R1E225KT', 2, 'DL109.1', '', ''),
('1552487186M', 'CL21B225KAFVPNE', 2, 'DL109.2', '', ''),
('1552491239M', 'GCM31CR71E106KAB1L', 1, 'DL110', '', ''),
('1552491263M ', 'CGA5L1X7R1E106K  ', 2, 'DL110.1', '', ''),
('1552491286M ', 'CL31B106KAHVPNE', 2, 'DL110.2', '', ''),
('1552491339M', 'GCM32ER71E106KA57L', 1, 'DL111', '', ''),
('15Z0010316M', 'CL32Y106KBJVPJE', 2, 'DL111.1', '', ''),
('202840060836', '', 1, 'DL127', '', ''),
('202840080139', 'SD103AWS-7-F', 1, 'DL089', '', ''),
('202840080946', 'SD103AWS-LTL', 2, 'DL089.1', '', ''),
('202840310005', '', 2, 'DL127.1', '', ''),
('202840310007', '', 2, 'DL127.2', '', ''),
('202900830446', 'FB240M', 1, 'DL075', '', ''),
('202900860039', 'DFLS240L-7', 2, 'DL075.1', '', ''),
('202900910031', 'SS2PH10-M3/84A         ', 1, 'DL019', '', ''),
('202902840607M', 'PMEG045V100EPD', 1, 'DL112', '', ''),
('202903160021', 'SBR12U100P5-13', 2, 'DL053.1', '', ''),
('202903160139', 'TSP12U120S S1G       ', 1, 'DL053', '', ''),
('202903160821', 'TSP15U120S S1G        ', 2, 'DL053.2', '', ''),
('203527710005M', 'SZNUP2105LT1G', 1, 'DL113', '', ''),
('203828140539', 'SMAJ54A-13-F               ', 1, 'DL020', '', ''),
('203828140546', 'SMAJ54A', 2, 'DL020.1', '', ''),
('203840410105', 'MM3Z12VT1G', 1, 'DL096', '', ''),
('203840410139', 'UDZ12B-7', 2, 'DL096.1', '', ''),
('203847650305', '', 1, 'DL128', '', ''),
('203847650546', '', 2, 'DL128.1', '', ''),
('203852540405', 'MMSZ5V1T1G', 1, 'DL076', '', ''),
('203852540539', 'DDZ5V1B-7', 2, 'DL076.1', '', ''),
('203852540631', 'MMSZ5232C-E3-08        ', 2, 'DL021.1', '', ''),
('203852540731', 'MMSZ4689-E3-08', 2, 'DL076.2', '', ''),
('203852540939', 'DDZ5V6B-7           ', 1, 'DL021', '', ''),
('203852550005M', 'SZMMSZ5234BT1G', 1, 'DL114', '', ''),
('203852620005', 'MMSZ5243BT1G', 1, 'DL055', '', ''),
('203852620031', 'MMSZ5243B-E3-08           ', 2, 'DL055.1', '', ''),
('203852650405M', 'SZMMSZ16T1G ', 1, 'DL115', '', ''),
('203852670005', 'MMSZ5248BT1G', 1, 'DL054', '', ''),
('203852820005', 'MMSZ5257BT1G', 1, 'DL077', '', ''),
('203852820039', 'MMSZ5257B-7-F', 2, 'DL077.1', '', ''),
('203871060007M', 'BZT52H-C6V2', 2, 'DL114.1', '', ''),
('203871160007M', 'BZT52H-B16', 2, 'DL115.1', '', ''),
('204840750239', '204840750239', 1, 'DL004', '', ''),
('204840750731', '', 2, 'DL004.1', '', ''),
('204840750746', '', 2, 'DL004.2', '', ''),
('204850750005M', 'SMMSD4148T1G  ', 1, 'DL116', '', ''),
('204850750123', '1N4448W-E3-08 ', 2, 'DL022.1', '', ''),
('204850750139', '1N4448W-7-F          ', 1, 'DL022', '', ''),
('204852000023', 'BAV21W-E3-08', 1, 'DL056', '', ''),
('204852000039', 'BAV21W-7-F          ', 2, 'DL056.1', '', ''),
('210525000005', 'MMBT5551LT1G ', 1, 'DL023', '', ''),
('210525000017', 'MMBT5551', 2, 'DL023.1', '', ''),
('210554010009', 'FCX493TA', 2, 'DL024.1', '', ''),
('210555010036', '2SD2211R', 1, 'DL024', '', ''),
('211522002707M', 'PMBT4403 ', 1, 'DL117', '', ''),
('242522500005', '2N7002LT1G', 1, 'DL064', '', ''),
('242522500036', 'RK7002', 2, 'DL064.1', '', ''),
('242522502607M', 'BSS138P ', 1, 'DL118', '', ''),
('242522504907M', 'PMV55ENEA', 1, 'DL119', '', ''),
('242532500105', '2N7002WT1G', 1, 'DL090', '', ''),
('242532500846', '2N7002KW ', 2, 'DL090.1', '', ''),
('242601501963', 'AP9468GM-HF', 1, 'DL091', '', ''),
('242601520331', 'SI4124DY-T1-GE3', 2, 'DL091.1', '', ''),
('242604001131', 'SI4590DY-T1-GE3       ', 2, 'DL025.1', '', ''),
('242604001236', 'SP8M51', 1, 'DL025', '', ''),
('243504100310', 'IRFR5410TRPBF ', 1, 'DL057', '', ''),
('2500108510 ', 'L78L33ABUTR ', 1, 'DL092', '', ''),
('2500122910', 'L78L05ACUTR            ', 1, 'DL058', '', ''),
('2500450013M', 'NCV78L05ABDR2G', 1, 'DL120', '', ''),
('2510597720', 'LV8860V-TLM-H', 1, 'DL078', '', ''),
('2510676829', '', 1, 'DL005', '', ''),
('2510879981M', 'A5931KLPTR-T             ', 2, 'DL122.1', '', ''),
('2520005433', 'HW-101A RANK:G             ', 1, 'DL059', '', ''),
('2520005533', 'HW-101A RANK:F           ', 1, 'DL026', '', ''),
('2520019513', 'LM2904DMR2G', 1, 'DL060', '', ''),
('2520174046', '', 1, 'DL006', '', ''),
('2520203833', '', 2, 'DL006.1', '', ''),
('2520242833', 'HW-102A-FT RANK:F', 2, 'DL079', '', ''),
('2520242933', 'HW-102A-FT RANK:G', 2, 'DL079.1', '', ''),
('2610621337', 'PIC16F684-E/STC09       ', 2, 'DL027.1', '', ''),
('2610865837', 'PIC16F1824-E/ST           ', 2, 'DL061.1', '', ''),
('2610865837M', 'PIC16F1824-E/STV10', 2, 'DL121.1', '', ''),
('2610901037', 'PIC16F1827-E/SS', 2, 'DL093.1', '', ''),
('2642396900', 'PIC16F684-E/STC09  ', 1, 'DL027', '', ''),
('2643438000', '', 1, 'DL093', '', ''),
('2643438900', '', 1, 'DL061', '', ''),
('2644688100M', 'PIC16F1824-E/STV10', 1, 'DL121', '', ''),
('2644688600M', 'A5931KLPTR-T', 1, 'DL122', '', ''),
('2810627287', 'HPC4018B-100M-1A4    ', 1, 'DL062', '', ''),
('2810638909M', 'CDRH50D20T150NP-4R7NC', 1, 'DL123', '', ''),
('2810641687', 'HPC3010TF-4R7M', 1, 'DL080', '', ''),
('2810642087', 'HPC5020B-4R7M', 1, 'DL094', '', ''),
('2924014008M', 'BLM18HG601SH1D', 1, 'DL124', '', ''),
('2995775200', '', 1, 'DL028', '', ''),
('2996055300', '', 1, 'DL001', '', ''),
('2996151100', '', 1, 'DL063', '', ''),
('2996213300', '', 1, 'DL081', '', ''),
('2996250400', '', 1, 'DL095', '', ''),
('2996261400M', '', 1, 'DL129', '', ''),
('2996270701M01', '', 1, 'DL125', '', ''),
('4090203200', '', 1, 'DL007', '', ''),
('4090207700', '', 2, 'DL007.2', '', ''),
('409024500', '', 2, 'DL007.1', '', '');

-- --------------------------------------------------------

--
-- Table structure for table `joid_part`
--

CREATE TABLE `joid_part` (
  `id` int(11) NOT NULL,
  `check_feeder` int(11) NOT NULL,
  `check_part` int(11) NOT NULL,
  `lot_no` int(11) NOT NULL,
  `total` int(11) NOT NULL,
  `qc_status_id` int(11) NOT NULL,
  `item_id` varchar(50) NOT NULL,
  `created_at` int(11) NOT NULL,
  `created_by` int(11) NOT NULL,
  `updated_at` int(11) NOT NULL,
  `updated_by` int(11) NOT NULL,
  `start_detail_id` int(11) NOT NULL,
  `feeder_id` varchar(50) NOT NULL,
  `use_status` int(11) NOT NULL
) ENGINE=InnoDB DEFAULT CHARSET=utf8;

-- --------------------------------------------------------

--
-- Table structure for table `line`
--

CREATE TABLE `line` (
  `id` int(11) NOT NULL,
  `name` varchar(45) NOT NULL
) ENGINE=InnoDB DEFAULT CHARSET=utf8;

--
-- Dumping data for table `line`
--

INSERT INTO `line` (`id`, `name`) VALUES
(1, 'LINE 1'),
(2, 'LINE 2'),
(3, 'LINE 3'),
(4, 'LINE 4'),
(5, 'LINE 5');

-- --------------------------------------------------------

--
-- Table structure for table `machine`
--

CREATE TABLE `machine` (
  `id` int(11) NOT NULL,
  `name` varchar(45) NOT NULL,
  `Line_id` int(11) NOT NULL
) ENGINE=InnoDB DEFAULT CHARSET=utf8;

--
-- Dumping data for table `machine`
--

INSERT INTO `machine` (`id`, `name`, `Line_id`) VALUES
(1, 'CM402#1', 1),
(2, 'CM402#2', 2),
(3, 'CM402#3', 3),
(4, 'CM402#4', 4),
(5, 'CM402#5', 5),
(6, 'BM231#1', 1),
(7, 'BM231#2', 2),
(8, 'BM231#3', 3);

-- --------------------------------------------------------

--
-- Table structure for table `member`
--

CREATE TABLE `member` (
  `MemberID` int(2) NOT NULL,
  `Username` varchar(50) NOT NULL,
  `Password` varchar(50) NOT NULL,
  `Name` varchar(50) NOT NULL,
  `Tel` varchar(50) NOT NULL,
  `Email` varchar(150) NOT NULL
) ENGINE=MyISAM DEFAULT CHARSET=utf8;

--
-- Dumping data for table `member`
--

INSERT INTO `member` (`MemberID`, `Username`, `Password`, `Name`, `Tel`, `Email`) VALUES
(1, 'weerachai', 'weerachai@1', 'Weerachai Nukitram', '0819876107', 'weerachai@thaicreate.com'),
(2, 'adisorn', 'adisorn@2', 'Adisorn Bunsong', '021978032', 'adisorn@thaicreate.com'),
(3, 'surachai', 'surachai@3', 'Surachai Sirisart', '0876543210', 'surachai@thaicreate.com');

-- --------------------------------------------------------

--
-- Table structure for table `migration`
--

CREATE TABLE `migration` (
  `version` varchar(180) NOT NULL,
  `apply_time` int(11) DEFAULT NULL
) ENGINE=InnoDB DEFAULT CHARSET=utf8;

--
-- Dumping data for table `migration`
--

INSERT INTO `migration` (`version`, `apply_time`) VALUES
('m000000_000000_base', 1540452018),
('m140209_132017_init', 1540452074),
('m140403_174025_create_account_table', 1540452074),
('m140504_113157_update_tables', 1540452074),
('m140504_130429_create_token_table', 1540452074),
('m140830_171933_fix_ip_field', 1540452074),
('m140830_172703_change_account_table_name', 1540452074),
('m141222_110026_update_ip_field', 1540452074),
('m141222_135246_alter_username_length', 1540452074),
('m150614_103145_update_social_account_table', 1540452074),
('m150623_212711_fix_username_notnull', 1540452074),
('m151218_234654_add_timezone_to_profile', 1540452074),
('m160929_103127_add_last_login_at_to_user_table', 1540452074);

-- --------------------------------------------------------

--
-- Table structure for table `models_line`
--

CREATE TABLE `models_line` (
  `id` int(11) NOT NULL,
  `title` varchar(100) NOT NULL,
  `models_p_id` int(11) NOT NULL,
  `Line_id` int(11) NOT NULL
) ENGINE=InnoDB DEFAULT CHARSET=utf8;

--
-- Dumping data for table `models_line`
--

INSERT INTO `models_line` (`id`, `title`, `models_p_id`, `Line_id`) VALUES
(1, '5509229522 LINE 2', 1, 2),
(2, '5509229523 LINE 5', 2, 5),
(3, '5509562726 - LINE 5', 3, 5),
(4, '5509564088 LINE 5', 4, 5),
(5, '5509565297 LINE 5', 5, 5),
(6, '5509565876 - LINE 5', 6, 5),
(7, '5509565556  LINE 5', 7, 5);

-- --------------------------------------------------------

--
-- Table structure for table `models_p`
--

CREATE TABLE `models_p` (
  `id` int(11) NOT NULL,
  `name` varchar(45) NOT NULL,
  `customer_id` int(11) NOT NULL
) ENGINE=InnoDB DEFAULT CHARSET=utf8;

--
-- Dumping data for table `models_p`
--

INSERT INTO `models_p` (`id`, `name`, `customer_id`) VALUES
(1, '5509229522', 1),
(2, '5509557523', 1),
(3, '5509562726', 1),
(4, '5509564088', 1),
(5, '5509565297', 1),
(6, '5509565876', 1),
(7, '5509565556', 1);

-- --------------------------------------------------------

--
-- Table structure for table `part_type`
--

CREATE TABLE `part_type` (
  `id` int(11) NOT NULL,
  `name` varchar(45) NOT NULL
) ENGINE=InnoDB DEFAULT CHARSET=utf8;

--
-- Dumping data for table `part_type`
--

INSERT INTO `part_type` (`id`, `name`) VALUES
(1, 'Main'),
(2, 'Alt');

-- --------------------------------------------------------

--
-- Table structure for table `pcb`
--

CREATE TABLE `pcb` (
  `id` int(11) NOT NULL,
  `name` varchar(45) NOT NULL
) ENGINE=InnoDB DEFAULT CHARSET=utf8;

--
-- Dumping data for table `pcb`
--

INSERT INTO `pcb` (`id`, `name`) VALUES
(1, '2996055300'),
(2, '2995775200'),
(3, '2996151100'),
(4, '2996213300'),
(5, '2996250400'),
(6, '2996270701M01'),
(7, '2996261400M');

-- --------------------------------------------------------

--
-- Table structure for table `post`
--

CREATE TABLE `post` (
  `id` int(11) NOT NULL,
  `name` varchar(250) NOT NULL,
  `text` text NOT NULL
) ENGINE=MyISAM DEFAULT CHARSET=utf8;

--
-- Dumping data for table `post`
--

INSERT INTO `post` (`id`, `name`, `text`) VALUES
(1, '1 post', '1 post'),
(2, '2 post', '2 post');

-- --------------------------------------------------------

--
-- Table structure for table `profile`
--

CREATE TABLE `profile` (
  `user_id` int(11) NOT NULL,
  `name` varchar(255) COLLATE utf8_unicode_ci DEFAULT NULL,
  `public_email` varchar(255) COLLATE utf8_unicode_ci DEFAULT NULL,
  `gravatar_email` varchar(255) COLLATE utf8_unicode_ci DEFAULT NULL,
  `gravatar_id` varchar(32) COLLATE utf8_unicode_ci DEFAULT NULL,
  `location` varchar(255) COLLATE utf8_unicode_ci DEFAULT NULL,
  `website` varchar(255) COLLATE utf8_unicode_ci DEFAULT NULL,
  `bio` text COLLATE utf8_unicode_ci,
  `timezone` varchar(40) COLLATE utf8_unicode_ci DEFAULT NULL
) ENGINE=InnoDB DEFAULT CHARSET=utf8 COLLATE=utf8_unicode_ci;

--
-- Dumping data for table `profile`
--

INSERT INTO `profile` (`user_id`, `name`, `public_email`, `gravatar_email`, `gravatar_id`, `location`, `website`, `bio`, `timezone`) VALUES
(1, '', NULL, NULL, NULL, NULL, NULL, NULL, NULL),
(2, NULL, NULL, NULL, NULL, NULL, NULL, NULL, NULL),
(3, NULL, NULL, NULL, NULL, NULL, NULL, NULL, NULL),
(4, '', NULL, NULL, NULL, NULL, NULL, NULL, NULL);

-- --------------------------------------------------------

--
-- Table structure for table `program`
--

CREATE TABLE `program` (
  `id` int(11) NOT NULL,
  `name` varchar(45) NOT NULL,
  `pcb_id` int(11) NOT NULL,
  `rev` varchar(11) NOT NULL,
  `program_status_id` int(11) NOT NULL,
  `models_p_id` int(11) NOT NULL,
  `Line_id` int(11) NOT NULL
) ENGINE=InnoDB DEFAULT CHARSET=utf8;

--
-- Dumping data for table `program`
--

INSERT INTO `program` (`id`, `name`, `pcb_id`, `rev`, `program_status_id`, `models_p_id`, `Line_id`) VALUES
(3, '5509229523', 2, '00', 2, 2, 2),
(4, '5509562726', 3, '00', 2, 3, 3),
(5, '5509564088', 4, '00', 2, 4, 4),
(6, '5509565297', 5, '00', 2, 5, 5),
(7, '5509565876', 6, '00', 2, 6, 6),
(8, '5509565556', 7, '00', 2, 7, 7);

-- --------------------------------------------------------

--
-- Table structure for table `program_detail`
--

CREATE TABLE `program_detail` (
  `id` int(11) NOT NULL,
  `title` varchar(45) NOT NULL,
  `barcode` varchar(45) NOT NULL,
  `program_id` int(11) NOT NULL,
  `solder_paste` text NOT NULL,
  `table_machine_id` int(11) NOT NULL
) ENGINE=InnoDB DEFAULT CHARSET=utf8;

--
-- Dumping data for table `program_detail`
--

INSERT INTO `program_detail` (`id`, `title`, `barcode`, `program_id`, `solder_paste`, `table_machine_id`) VALUES
(10, '5509229523 TBL 1', '', 3, '4090203000\r\n4090204500\r\n4090207700\r\n', 17),
(11, '5509229523 TBL 2', '', 3, '4090203000\r\n4090204500\r\n4090207700\r\n', 18),
(12, '5509229523 TBL 3', '', 3, '4090203000\r\n4090204500\r\n4090207700\r\n', 19),
(13, '5509229523 TBL 4', '', 3, '4090203000\r\n4090204500\r\n4090207700\r\n', 20),
(14, '5509562726 TBL 1', '', 4, '4090204500 					\r\nSM688(SAC405) (ALPHA)					\r\n', 17),
(15, '5509562726 TBL 2', '', 4, '4090204500 					\r\nSM688(SAC405) (ALPHA)					\r\n', 18),
(16, '5509562726 TBL 3', '', 4, '4090204500 					\r\nSM688(SAC405) (ALPHA)					\r\n', 19),
(17, '5509562726 TBL 4', '', 4, '4090204500 					\r\nSM688(SAC405) (ALPHA)					\r\n', 20),
(18, '5509564088 TBL 1', '', 5, '4090203200\r\nSN96.5/AG3/CU0.5\r\n', 17),
(19, '5509564088 TBL 2', '', 5, '4090203200\r\nSN96.5/AG3/CU0.5\r\n', 18),
(20, '5509564088 TBL 3', '', 5, '4090203200\r\nSN96.5/AG3/CU0.5\r\n', 19),
(21, '5509564088 TBL 4', '', 5, '4090203200\r\nSN96.5/AG3/CU0.5\r\n', 20),
(22, '5509565297 TBL 1', '', 6, '4090203200\r\nSN96.5/AG3/CU0.5\r\n', 17),
(23, '5509565297 TBL 2', '', 6, '4090203200\r\nSN96.5/AG3/CU0.5\r\n', 18),
(24, '5509565297 TBL 3', '', 6, '4090203200\r\nSN96.5/AG3/CU0.5\r\n', 19),
(25, '5509565297 TBL 4', '', 6, '4090203200\r\nSN96.5/AG3/CU0.5\r\n', 20),
(26, '5509565876 TBL 1', '', 7, '4090203200\r\nSN96.5/AG3/CU0.5\r\n', 17),
(27, '5509565876 TBL 2', '', 7, '4090203200\r\nSN96.5/AG3/CU0.5\r\n', 18),
(28, '5509565876 TBL 3', '', 7, '4090203200\r\nSN96.5/AG3/CU0.5\r\n', 19),
(29, '5509565876 TBL 4', '', 7, '4090203200\r\nSN96.5/AG3/CU0.5\r\n', 20),
(30, '5509565556 TBL 1', '', 8, '4090203200			TLF-204-19A\r\n4090204500			SM688(SAC405)\r\n4090207700			SAC305 OM340\r\n', 17),
(31, '5509565556 TBL 2', '', 8, '4090203200			TLF-204-19A\r\n4090204500			SM688(SAC405)\r\n4090207700			SAC305 OM340\r\n', 18),
(32, '5509565556 TBL 3', '', 8, '4090203200			TLF-204-19A\r\n4090204500			SM688(SAC405)\r\n4090207700			SAC305 OM340\r\n', 19),
(33, '5509565556 TBL 4', '', 8, '4090203200			TLF-204-19A\r\n4090204500			SM688(SAC405)\r\n4090207700			SAC305 OM340\r\n', 20);

-- --------------------------------------------------------

--
-- Table structure for table `program_item`
--

CREATE TABLE `program_item` (
  `id` int(11) NOT NULL,
  `program_detail_id` int(11) NOT NULL,
  `feeder_id` int(11) NOT NULL,
  `comment` text NOT NULL,
  `amount` int(11) NOT NULL,
  `part_no` varchar(100) NOT NULL,
  `size` varchar(50) NOT NULL
) ENGINE=InnoDB DEFAULT CHARSET=utf8;

--
-- Dumping data for table `program_item`
--

INSERT INTO `program_item` (`id`, `program_detail_id`, `feeder_id`, `comment`, `amount`, `part_no`, `size`) VALUES
(36, 10, 897, 'D2', 6, '202900910031', ''),
(37, 10, 898, 'R2,R3,R4', 18, '0313822000', ''),
(38, 10, 871, 'R27,R33', 12, '0343331300', ''),
(39, 10, 872, 'Q1,Q2,Q11', 18, '210525000005', ''),
(40, 10, 872, 'Q1,Q2,Q11', 18, '210525000017', ''),
(41, 11, 925, 'R16,R17', 12, '0343102300', ''),
(42, 11, 952, 'R1', 6, '0313623000', ''),
(43, 11, 926, 'R5,R28,R34,R37,R38', 30, '0341059300', ''),
(44, 11, 953, 'R20,R23', 12, '0343511300', ''),
(45, 12, 977, 'U3', 6, '2642396900', ''),
(46, 12, 977, 'U3', 6, '2610621337', ''),
(47, 12, 978, 'Q5', 6, '210555010036', ''),
(48, 12, 979, 'ZD2', 6, '203828140539', ''),
(49, 12, 979, 'ZD2', 6, '203828140546', ''),
(50, 12, 980, 'Q3,Q4', 12, '242604001236', ''),
(51, 12, 981, 'F1', 6, '0891420102', ''),
(52, 12, 982, 'D1', 6, '204850750139', ''),
(53, 12, 982, 'D1', 6, '204850750123', ''),
(54, 12, 1009, 'ZD1', 6, '203852540939', ''),
(55, 12, 1009, 'ZD1', 6, '203852540631', ''),
(56, 12, 983, 'U2', 6, '2520005533', ''),
(57, 12, 1010, 'C2', 6, '1542487100', ''),
(58, 13, 1033, 'C1,C3', 12, '1552458100', ''),
(59, 13, 1060, 'R10,R11', 12, '0313202000', ''),
(60, 13, 1061, 'C4,C5', 12, '1522467200', ''),
(61, 14, 869, 'U3', 6, '2520019513', ''),
(62, 14, 870, 'D1', 6, '202903160139', ''),
(63, 14, 870, 'D1', 6, '202903160021', ''),
(64, 14, 870, 'D1', 6, '202903160821', ''),
(65, 14, 871, 'Q3', 6, '210555010036', ''),
(66, 14, 872, 'Q1,Q2', 12, '242604001131', ''),
(67, 14, 872, 'Q1,Q2', 12, '242604001236', ''),
(68, 14, 873, 'R18', 6, '0331598501', ''),
(69, 14, 874, 'U2', 6, '2643438900', ''),
(70, 14, 874, 'U2', 6, '2610865837', ''),
(71, 14, 875, 'U4', 6, '2500122910', ''),
(72, 14, 876, 'L1', 6, '2810627287', ''),
(73, 14, 877, 'R39', 6, '0343104100', ''),
(74, 14, 904, 'R37', 6, '0341256300', ''),
(75, 14, 878, 'R65', 6, '0313105000', ''),
(76, 14, 905, 'R36', 6, '0921400445', ''),
(77, 14, 879, 'R29,R31', 12, '0343200300', ''),
(78, 14, 906, 'C2', 6, '1512445000', ''),
(79, 14, 880, 'C6,C7', 12, '1542467000', ''),
(80, 14, 907, 'R64', 6, '0343101100', ''),
(81, 14, 881, 'R43', 6, '0343183300', ''),
(82, 14, 908, 'R44', 6, '0343222300', ''),
(83, 15, 926, 'Q4,Q5,Q11', 18, '242522500005', ''),
(84, 15, 926, 'Q4,Q5,Q11', 18, '242522500036', ''),
(85, 15, 927, 'U5', 6, '2520005433', ''),
(86, 15, 954, 'Q6,Q8,Q10', 18, '210525000005', ''),
(87, 15, 937, 'R19,R35', 12, '0343512300', ''),
(88, 15, 955, 'C12,C15,C17', 18, '1522487264', ''),
(89, 15, 929, 'C13', 6, '1522458100', ''),
(90, 15, 930, 'D5', 6, '204852000023', ''),
(91, 15, 930, 'D5', 6, '204852000039', ''),
(92, 15, 957, 'ZD2', 6, '203852620005', ''),
(93, 15, 957, 'ZD2', 6, '203852620031', ''),
(94, 15, 931, 'ZD1', 6, '203852670005', ''),
(95, 15, 958, 'C5', 6, '0925001445', ''),
(96, 16, 979, 'Q12', 6, '243504100310', ''),
(97, 16, 980, 'R11,R14,R22,R30,,R33,R41,R42', 42, '0341059300', ''),
(98, 16, 980, 'R11,R14,R22,R30,,R33,R41,R42', 42, '0341059300', ''),
(99, 16, 1007, 'F1', 6, '0891420402', ''),
(100, 16, 981, 'R20R21', 12, '0341087300', ''),
(101, 16, 982, 'R1', 6, '0343513100', ''),
(102, 16, 1010, 'R23', 6, '0341037300', ''),
(103, 17, 1034, 'R24,R25,R26,R28', 24, '0313332000', ''),
(104, 17, 1061, 'R9,R10,R27,R34', 24, '0341041300', ''),
(105, 17, 1035, 'R12,R15,R32,R38,R40', 30, '0341026300', ''),
(106, 17, 1062, 'R2,R3,R4,R7', 24, '0313182000', ''),
(107, 17, 1036, 'C4,C9', 12, '1542458000', ''),
(108, 18, 870, 'R13', 10, '0343103300', ''),
(109, 18, 871, 'R2', 10, '0343302300', ''),
(110, 18, 872, 'Z3', 10, '0923002389', ''),
(111, 18, 873, 'R8,R9', 20, '0341004300', ''),
(112, 19, 923, 'R1', 10, '0343562100', ''),
(113, 19, 925, 'Z2', 10, '0923002489', ''),
(114, 19, 926, 'C4', 10, '1511445000', ''),
(115, 19, 927, 'C3,C2', 20, '1512458000', ''),
(116, 20, 977, 'U1', 10, '2510597720', ''),
(117, 20, 978, 'L1', 10, '2810641687', ''),
(118, 20, 979, 'ZD1', 10, '203852540405', ''),
(119, 20, 979, 'ZD1', 10, '203852540539', ''),
(120, 20, 979, 'ZD1', 10, '203852540731', ''),
(121, 20, 980, 'ZD2', 10, '203852820005', ''),
(122, 20, 980, 'ZD2', 10, '203852820039', ''),
(123, 20, 981, 'R6', 10, '0343101300', ''),
(124, 21, 1031, 'D1', 10, '202900830446', ''),
(125, 21, 1031, 'D1', 10, '202900860039', ''),
(126, 21, 1032, 'U2', 10, '2520242833', ''),
(127, 21, 1032, 'U2', 10, '2520242933', ''),
(128, 21, 1033, 'C1,C5', 20, '1512489200', ''),
(129, 21, 1034, 'Z1', 10, '0924080889', ''),
(130, 22, 869, 'R2,R3', 20, '0343104100', ''),
(131, 22, 870, 'R11,R12,R13', 30, '0343152100', ''),
(132, 22, 871, 'R1,R7,R8,R22', 40, '0341041300', ''),
(133, 22, 872, 'VAR2,VAR3,VAR4,VAR5', 40, '0924080889', ''),
(134, 22, 873, 'VAR1', 10, '0923002489', ''),
(135, 23, 923, 'R20', 10, '0341026300', ''),
(136, 23, 924, 'R17', 10, '0343000300', ''),
(137, 23, 925, 'R4', 10, '0343101100', ''),
(138, 23, 926, 'R19', 10, '0343511100', ''),
(139, 23, 928, 'R5,R6,R14,R15,R16,R21,R23,R24,R27,R28', 100, '0341059300', ''),
(140, 24, 977, 'U1', 10, '2500108510', ''),
(141, 24, 978, 'Q6', 10, '210554010009', ''),
(142, 24, 979, 'Q3', 10, '242601501963', ''),
(143, 24, 980, 'L1', 10, '2810642087', ''),
(144, 24, 981, 'U2', 10, '2643438000', ''),
(145, 24, 982, 'F1', 10, '0891420402', ''),
(146, 24, 983, 'C8', 10, '1552487100', ''),
(147, 24, 984, 'C7', 10, '1512467100', ''),
(148, 24, 985, 'Q1,Q2,Q4,Q7', 40, '242532500105', ''),
(149, 24, 986, 'D1', 10, '202900830446', ''),
(150, 25, 1032, 'R9,R10', 20, '0343303100', ''),
(151, 25, 1059, 'F2,F3', 20, '0891420102', ''),
(152, 25, 1033, 'C9,C10', 20, '1552458000', ''),
(153, 25, 1060, 'ZD1', 10, '203840410105', ''),
(154, 25, 1061, 'D3,D2', 20, '202840080139', ''),
(155, 25, 1062, 'C1,C2,C4,C5', 40, '1512489200', ''),
(156, 26, 876, 'C5,C14,C19,C20,C21', 40, '1512445039M', ''),
(157, 26, 876, 'C5,C14,C19,C20,C21', 40, '1512445049M', ''),
(158, 26, 876, 'C5,C14,C19,C20,C21', 40, '1512445096M', ''),
(159, 26, 876, 'C5,C14,C19,C20,C21', 40, '1512445063M', ''),
(160, 26, 903, 'C6,C7,C8,C11,C12', 40, '1512458039M', ''),
(161, 26, 903, 'C6,C7,C8,C11,C12', 40, '1512458049M', ''),
(162, 26, 903, 'C6,C7,C8,C11,C12', 40, '1512458063M', ''),
(163, 26, 903, 'C6,C7,C8,C11,C12', 40, '1512458086M', ''),
(164, 26, 877, 'R14', 8, '0341087301M', ''),
(165, 26, 877, 'R14', 8, '0343104301M', ''),
(166, 26, 877, 'R14', 8, '0341087303M', ''),
(167, 26, 904, 'R26', 8, '0341066301M', ''),
(168, 26, 904, 'R26', 8, '0341066303M', ''),
(169, 27, 933, 'R9,R11,R25', 24, '0341142301M', ''),
(170, 27, 933, 'R9,R11,R25', 24, '0341142303M', ''),
(171, 27, 960, 'R2,R5,R12', 24, '0341041303M', ''),
(172, 27, 960, 'R2,R5,R12', 24, '0341041301M ', ''),
(173, 27, 934, 'R3,R10,R27,R28', 32, '0341059301M', ''),
(174, 27, 934, 'R3,R10,R27,R28', 32, '0341059303M', ''),
(175, 27, 961, 'R6', 8, '0341222301M', ''),
(176, 27, 961, 'R6', 8, '0341222303M', ''),
(177, 27, 935, 'L2', 8, '2924014008M', ''),
(178, 27, 962, 'R15', 8, '0341298301M', ''),
(179, 27, 962, 'R15', 8, '0341298303M', ''),
(180, 27, 962, 'R15', 8, '0341298308M', ''),
(181, 28, 988, 'D1', 8, '202902840607M', ''),
(182, 28, 989, 'Q3', 8, '211522002707M', ''),
(183, 28, 990, 'U5', 8, '2644688100M', ''),
(184, 28, 991, 'U3', 8, '2644688600M', ''),
(185, 28, 993, 'U2', 8, '2500450013M', ''),
(186, 28, 994, 'Q2', 8, '242522502607M', ''),
(187, 28, 995, 'ZD1', 8, '203852650405M', ''),
(188, 28, 1022, 'Q1', 8, '242522504907M', ''),
(189, 28, 996, 'F1', 8, '0898041902M', ''),
(190, 29, 1038, 'D2', 8, '203527710005M', ''),
(191, 29, 1065, 'C10', 8, '1552467139M ', ''),
(192, 29, 1065, 'C11', 8, '1552467149M', ''),
(193, 29, 1065, 'C12', 8, '1552467163M', ''),
(194, 29, 1065, 'C13', 8, '1552467186M ', ''),
(195, 29, 1039, 'ZD4', 8, '203852550005M', ''),
(196, 29, 1039, 'ZD4', 8, '203871060007M', ''),
(197, 29, 1066, 'C22', 8, '1512458139M', ''),
(198, 29, 1066, 'C22', 8, '1512458196M', ''),
(199, 29, 1066, 'C22', 8, '1552458149M', ''),
(200, 29, 1040, 'C3,C4,C13,C23', 32, '1552491239M', ''),
(201, 29, 1040, 'C3,C4,C13,C23', 32, '1552491263M ', ''),
(202, 29, 1040, 'C3,C4,C13,C23', 32, '1552491286M ', ''),
(203, 29, 1067, 'C1,C2', 16, '1552491339M', ''),
(204, 29, 1067, 'C1,C2', 16, '15Z0010316M', ''),
(205, 29, 1068, 'C15', 8, '1552487139M', ''),
(206, 29, 1068, 'C15', 8, '1552487163M', ''),
(207, 29, 1068, 'C15', 8, '1552487186M', ''),
(208, 29, 1042, 'D3,D5,D6', 24, '204850750005M', ''),
(209, 30, 869, 'R2', 24, '0353103700', '8X2P'),
(210, 30, 870, 'C1', 24, '1552467000', '8X4P'),
(211, 31, 923, ' ZD1,ZD2,ZD3', 72, '203847650305', '8X4P'),
(212, 31, 923, ' ZD1,ZD2,ZD3', 72, '203847650546', '8X4P'),
(213, 32, 977, 'U1', 24, '2510676829', '12X4E'),
(214, 33, 1031, ' U2', 24, '2520174046', '12X4E'),
(215, 33, 1031, ' U2', 24, '2520203833', '12X4E'),
(216, 33, 1032, 'D1', 24, '202840060836', '8X4E'),
(217, 33, 1032, 'D1', 24, '202840310005', '8X4E'),
(218, 33, 1032, 'D1', 24, '202840310007', '8X4E');

-- --------------------------------------------------------

--
-- Table structure for table `program_status`
--

CREATE TABLE `program_status` (
  `id` int(11) NOT NULL,
  `name` varchar(45) NOT NULL
) ENGINE=InnoDB DEFAULT CHARSET=utf8;

--
-- Dumping data for table `program_status`
--

INSERT INTO `program_status` (`id`, `name`) VALUES
(1, 'Not Pass'),
(2, 'Pass'),
(3, 'Running'),
(4, 'END');

-- --------------------------------------------------------

--
-- Table structure for table `qc_confirm`
--

CREATE TABLE `qc_confirm` (
  `id` int(11) NOT NULL,
  `check_feeder` int(11) NOT NULL,
  `check_part` int(11) NOT NULL,
  `qc_emp` int(11) NOT NULL,
  `start_detail_id` int(11) NOT NULL,
  `created_at` int(11) NOT NULL,
  `feeder` varchar(50) NOT NULL,
  `part_no` varchar(50) NOT NULL,
  `qc_status` int(11) NOT NULL,
  `updated_at` int(11) NOT NULL,
  `created_by` int(11) NOT NULL,
  `updated_by` int(11) NOT NULL,
  `confirm_type_id` int(11) NOT NULL
) ENGINE=InnoDB DEFAULT CHARSET=utf8;

--
-- Dumping data for table `qc_confirm`
--

INSERT INTO `qc_confirm` (`id`, `check_feeder`, `check_part`, `qc_emp`, `start_detail_id`, `created_at`, `feeder`, `part_no`, `qc_status`, `updated_at`, `created_by`, `updated_by`, `confirm_type_id`) VALUES
(160, 1, 1, 0, 160, 1542774794, '55176R', '202900910031', 1, 1542774794, 1, 1, 1),
(161, 1, 1, 0, 161, 1542774794, '55177R', '0313822000', 1, 1542774794, 1, 1, 1),
(162, 1, 1, 0, 162, 1542774794, '55177L', '0343331300', 1, 1542774794, 1, 1, 1),
(163, 1, 1, 0, 163, 1542774794, '55178L', '210525000005', 1, 1542774794, 1, 1, 1),
(164, 1, 1, 0, 164, 1542774794, '55178L', '210525000017', 1, 1542774794, 1, 1, 1),
(165, 1, 1, 0, 165, 1542774794, '55187L', '0343102300', 1, 1542774794, 1, 1, 1),
(166, 1, 1, 0, 166, 1542774794, '55187R', '0313623000', 1, 1542774794, 1, 1, 1),
(167, 1, 1, 0, 167, 1542774794, '55188L', '0341059300', 1, 1542774794, 1, 1, 1),
(168, 1, 1, 0, 168, 1542774794, '55188R', '0343511300', 1, 1542774794, 1, 1, 1),
(169, 1, 1, 0, 169, 1542774794, '55195L', '2642396900', 1, 1542774794, 1, 1, 1),
(171, 1, 1, 0, 171, 1542774794, '55196L', '210555010036', 1, 1542774794, 1, 1, 1),
(172, 1, 1, 0, 172, 1542774795, '55197L', '203828140539', 1, 1542774795, 1, 1, 1),
(174, 1, 1, 0, 174, 1542774795, '55198L', '242604001236', 1, 1542774795, 1, 1, 1),
(175, 1, 1, 0, 175, 1542774795, '55199L', '0891420102', 1, 1542774795, 1, 1, 1),
(176, 1, 1, 0, 176, 1542774795, '551910L', '204850750139', 1, 1542774795, 1, 1, 1),
(179, 1, 1, 0, 179, 1542774795, '551910R', '203852540631', 1, 1542774795, 1, 1, 1),
(180, 1, 1, 0, 180, 1542774795, '551911L', '2520005533', 1, 1542774795, 1, 1, 1),
(181, 1, 1, 0, 181, 1542774795, '551911R', '1542487100', 1, 1542774795, 1, 1, 1),
(182, 1, 1, 0, 182, 1542774795, '55207L', '1552458100', 1, 1542774795, 1, 1, 1),
(183, 1, 1, 0, 183, 1542774795, '55207R', '0313202000', 1, 1542774795, 1, 1, 1),
(184, 1, 1, 0, 184, 1542774795, '55208R', '1522467200', 1, 1542774795, 1, 1, 1),
(185, 1, 1, 0, 185, 1542776406, '55175L', '0353103700', 1, 1542776406, 1, 1, 1),
(186, 1, 1, 0, 186, 1542776406, '55176L', '1552467000', 1, 1542776406, 1, 1, 1),
(187, 1, 1, 0, 187, 1542776406, '55185L', '203847650305', 1, 1542776406, 1, 1, 1),
(188, 1, 1, 0, 188, 1542776406, '55185L', '203847650546', 1, 1542776406, 1, 1, 1),
(189, 1, 1, 0, 189, 1542776406, '55195L', '2510676829', 1, 1542776406, 1, 1, 1),
(190, 1, 1, 0, 190, 1542776406, '55205L', '2520174046', 1, 1542776406, 1, 1, 1),
(191, 1, 1, 0, 191, 1542776406, '55205L', '2520203833', 1, 1542776406, 1, 1, 1),
(192, 1, 1, 0, 192, 1542776406, '55206L', '202840060836', 1, 1542776406, 1, 1, 1),
(193, 1, 1, 0, 193, 1542776406, '55206L', '202840310005', 1, 1542776406, 1, 1, 1),
(194, 1, 1, 0, 194, 1542776406, '55206L', '202840310007', 1, 1542776406, 1, 1, 1);

-- --------------------------------------------------------

--
-- Table structure for table `qc_confirm_joid`
--

CREATE TABLE `qc_confirm_joid` (
  `id` int(11) NOT NULL,
  `check_feeder` int(11) NOT NULL,
  `check_part` int(11) NOT NULL,
  `joid_part_id` int(11) NOT NULL,
  `qc_status` int(11) NOT NULL,
  `created_at` int(11) NOT NULL,
  `created_by` int(11) NOT NULL,
  `updated_at` int(11) NOT NULL,
  `updated_by` int(11) NOT NULL
) ENGINE=InnoDB DEFAULT CHARSET=utf8;

-- --------------------------------------------------------

--
-- Table structure for table `qc_status`
--

CREATE TABLE `qc_status` (
  `id` int(11) NOT NULL,
  `name` varchar(45) NOT NULL
) ENGINE=InnoDB DEFAULT CHARSET=utf8;

--
-- Dumping data for table `qc_status`
--

INSERT INTO `qc_status` (`id`, `name`) VALUES
(1, 'UnConfirm'),
(2, 'Confirm');

-- --------------------------------------------------------

--
-- Table structure for table `social_account`
--

CREATE TABLE `social_account` (
  `id` int(11) NOT NULL,
  `user_id` int(11) DEFAULT NULL,
  `provider` varchar(255) COLLATE utf8_unicode_ci NOT NULL,
  `client_id` varchar(255) COLLATE utf8_unicode_ci NOT NULL,
  `data` text COLLATE utf8_unicode_ci,
  `code` varchar(32) COLLATE utf8_unicode_ci DEFAULT NULL,
  `created_at` int(11) DEFAULT NULL,
  `email` varchar(255) COLLATE utf8_unicode_ci DEFAULT NULL,
  `username` varchar(255) COLLATE utf8_unicode_ci DEFAULT NULL
) ENGINE=InnoDB DEFAULT CHARSET=utf8 COLLATE=utf8_unicode_ci;

-- --------------------------------------------------------

--
-- Table structure for table `start_detail`
--

CREATE TABLE `start_detail` (
  `id` int(11) NOT NULL,
  `start_program_id` int(11) NOT NULL,
  `check_feeder` int(11) NOT NULL,
  `check_part` int(11) NOT NULL,
  `lot_no` varchar(45) NOT NULL,
  `total` int(11) NOT NULL,
  `qc_status_id` int(11) NOT NULL,
  `part_no` varchar(100) NOT NULL,
  `feeder_id` int(20) NOT NULL,
  `created_by` int(11) NOT NULL,
  `created_at` int(11) NOT NULL,
  `updated_by` int(11) NOT NULL,
  `updated_at` int(11) NOT NULL
) ENGINE=InnoDB DEFAULT CHARSET=utf8;

--
-- Dumping data for table `start_detail`
--

INSERT INTO `start_detail` (`id`, `start_program_id`, `check_feeder`, `check_part`, `lot_no`, `total`, `qc_status_id`, `part_no`, `feeder_id`, `created_by`, `created_at`, `updated_by`, `updated_at`) VALUES
(160, 49, 1, 1, '', 0, 1, '202900910031', 897, 1, 0, 1, 1542774794),
(161, 49, 1, 1, '', 0, 1, '0313822000', 898, 1, 0, 1, 1542774794),
(162, 49, 1, 1, '', 0, 1, '0343331300', 871, 1, 0, 1, 1542774794),
(163, 49, 1, 1, '', 0, 1, '210525000005', 872, 1, 0, 1, 1542774794),
(164, 49, 1, 1, '', 0, 1, '210525000017', 872, 1, 0, 1, 1542774794),
(165, 50, 1, 1, '', 0, 1, '0343102300', 925, 1, 0, 1, 1542774794),
(166, 50, 1, 1, '', 0, 1, '0313623000', 952, 1, 0, 1, 1542774794),
(167, 50, 1, 1, '', 0, 1, '0341059300', 926, 1, 0, 1, 1542774794),
(168, 50, 1, 1, '', 0, 1, '0343511300', 953, 1, 0, 1, 1542774794),
(169, 51, 2, 2, '228132', 1000, 1, '2642396900', 977, 1, 0, 1, 1542774826),
(171, 51, 2, 2, '200', 100, 1, '210555010036', 978, 1, 0, 1, 1542774899),
(172, 51, 2, 2, '201', 100, 1, '203828140539', 979, 1, 0, 1, 1542774923),
(174, 51, 2, 2, '1000', 1900, 1, '242604001236', 980, 1, 0, 1, 1542775036),
(175, 51, 2, 2, '1', 100, 1, '0891420102', 981, 1, 0, 1, 1542775205),
(176, 51, 2, 2, '', 0, 1, '204850750139', 982, 1, 0, 1, 1542776261),
(179, 51, 1, 2, '', 0, 1, '203852540631', 1009, 1, 0, 1, 1542776286),
(180, 51, 1, 1, '', 0, 1, '2520005533', 983, 1, 0, 1, 1542774795),
(181, 51, 1, 1, '', 0, 1, '1542487100', 1010, 1, 0, 1, 1542774795),
(182, 52, 1, 1, '', 0, 1, '1552458100', 1033, 1, 0, 1, 1542774795),
(183, 52, 1, 1, '', 0, 1, '0313202000', 1060, 1, 0, 1, 1542774795),
(184, 52, 1, 1, '', 0, 1, '1522467200', 1061, 1, 0, 1, 1542774795),
(185, 53, 1, 1, '', 0, 1, '0353103700', 869, 1, 0, 1, 1542776406),
(186, 53, 1, 1, '', 0, 1, '1552467000', 870, 1, 0, 1, 1542776406),
(187, 54, 1, 1, '', 0, 1, '203847650305', 923, 1, 0, 1, 1542776406),
(188, 54, 1, 1, '', 0, 1, '203847650546', 923, 1, 0, 1, 1542776406),
(189, 55, 1, 1, '', 0, 1, '2510676829', 977, 1, 0, 1, 1542776406),
(190, 56, 1, 1, '', 0, 1, '2520174046', 1031, 1, 0, 1, 1542776406),
(191, 56, 1, 1, '', 0, 1, '2520203833', 1031, 1, 0, 1, 1542776406),
(192, 56, 1, 1, '', 0, 1, '202840060836', 1032, 1, 0, 1, 1542776406),
(193, 56, 1, 1, '', 0, 1, '202840310005', 1032, 1, 0, 1, 1542776406),
(194, 56, 1, 1, '', 0, 1, '202840310007', 1032, 1, 0, 1, 1542776406);

-- --------------------------------------------------------

--
-- Table structure for table `start_main`
--

CREATE TABLE `start_main` (
  `id` int(11) NOT NULL,
  `customer_id` int(11) NOT NULL,
  `Line_id` int(11) NOT NULL,
  `program_id` int(11) NOT NULL,
  `created_at` int(50) NOT NULL,
  `updated_at` int(50) NOT NULL,
  `created_by` int(11) NOT NULL,
  `updated_by` int(11) NOT NULL,
  `models_id` int(11) NOT NULL,
  `program_status_id` int(11) NOT NULL,
  `amount` int(11) NOT NULL
) ENGINE=InnoDB DEFAULT CHARSET=utf8;

--
-- Dumping data for table `start_main`
--

INSERT INTO `start_main` (`id`, `customer_id`, `Line_id`, `program_id`, `created_at`, `updated_at`, `created_by`, `updated_by`, `models_id`, `program_status_id`, `amount`) VALUES
(13, 1, 2, 3, 1542774794, 1542776367, 1, 1, 2, 4, 1000),
(14, 1, 7, 8, 1542776405, 1542776405, 1, 1, 7, 3, 0);

-- --------------------------------------------------------

--
-- Table structure for table `start_program`
--

CREATE TABLE `start_program` (
  `id` int(11) NOT NULL,
  `emp_code` int(11) NOT NULL,
  `program_detail_id` int(11) NOT NULL,
  `program_status_id` int(11) NOT NULL,
  `created_at` int(11) NOT NULL,
  `updated_at` int(11) NOT NULL,
  `created_by` int(11) NOT NULL,
  `updated_by` int(11) NOT NULL,
  `start_main_id` int(11) NOT NULL
) ENGINE=InnoDB DEFAULT CHARSET=utf8;

--
-- Dumping data for table `start_program`
--

INSERT INTO `start_program` (`id`, `emp_code`, `program_detail_id`, `program_status_id`, `created_at`, `updated_at`, `created_by`, `updated_by`, `start_main_id`) VALUES
(49, 0, 10, 0, 1542774794, 1542774794, 1, 1, 13),
(50, 0, 11, 0, 1542774794, 1542774794, 1, 1, 13),
(51, 0, 12, 0, 1542774794, 1542774794, 1, 1, 13),
(52, 0, 13, 0, 1542774795, 1542774795, 1, 1, 13),
(53, 0, 30, 0, 1542776406, 1542776406, 1, 1, 14),
(54, 0, 31, 0, 1542776406, 1542776406, 1, 1, 14),
(55, 0, 32, 0, 1542776406, 1542776406, 1, 1, 14),
(56, 0, 33, 0, 1542776406, 1542776406, 1, 1, 14);

-- --------------------------------------------------------

--
-- Table structure for table `tables`
--

CREATE TABLE `tables` (
  `id` int(11) NOT NULL,
  `name` varchar(50) NOT NULL
) ENGINE=InnoDB DEFAULT CHARSET=utf8;

--
-- Dumping data for table `tables`
--

INSERT INTO `tables` (`id`, `name`) VALUES
(1, 'TBL 1'),
(2, 'TBL 2'),
(3, 'TBL 3'),
(4, 'TBL 4'),
(5, 'Rear'),
(6, 'Front'),
(7, 'TRAY');

-- --------------------------------------------------------

--
-- Table structure for table `table_machine`
--

CREATE TABLE `table_machine` (
  `id` int(11) NOT NULL,
  `name` varchar(45) NOT NULL,
  `machine_id` int(11) NOT NULL,
  `Line_id` int(11) NOT NULL,
  `table_id` int(11) NOT NULL
) ENGINE=InnoDB DEFAULT CHARSET=utf8;

--
-- Dumping data for table `table_machine`
--

INSERT INTO `table_machine` (`id`, `name`, `machine_id`, `Line_id`, `table_id`) VALUES
(1, 'LINE 1 CM402#1 TBL 1', 1, 1, 1),
(2, 'LINE 1 CM402#1 TBL 2', 1, 1, 2),
(3, 'LINE 1 CM402#1 TBL 3', 1, 1, 3),
(4, 'LINE 1 CM402#1 TBL 4', 1, 1, 4),
(5, 'LINE 2 CM402#2 TBL 1', 2, 2, 1),
(6, 'LINE 2 CM402#2 TBL 2', 2, 2, 2),
(7, 'LINE 2 CM402#2 TBL 3', 2, 2, 3),
(8, 'LINE 2 CM402#2 TBL 4', 2, 2, 4),
(9, 'LINE 3 CM402#3 TBL 1', 3, 3, 1),
(10, 'LINE 3 CM402#3 TBL 2', 3, 3, 2),
(11, 'LINE 3 CM402#3 TBL 3', 3, 3, 3),
(12, 'LINE 3 CM402#3 TBL 4', 3, 3, 4),
(13, 'LINE 4 CM402#4 TBL 1', 4, 4, 1),
(14, 'LINE 4 CM402#4 TBL 2', 4, 4, 2),
(15, 'LINE 4 CM402#4 TBL 3', 4, 4, 3),
(16, 'LINE 4 CM402#4 TBL 4', 4, 4, 4),
(17, 'LINE 5 CM402#5 TBL 1', 5, 5, 1),
(18, 'LINE 5 CM402#5 TBL 2', 5, 5, 2),
(19, 'LINE 5 CM402#5 TBL 3', 5, 5, 3),
(20, 'LINE 5 CM402#5 TBL 4', 5, 5, 4),
(21, 'LINE 2 BM231#2 Rear', 7, 2, 5),
(22, 'LINE 2 BM231#2 Front', 7, 2, 6),
(23, 'LINE 2 BM231#2 TRAY', 7, 2, 7);

-- --------------------------------------------------------

--
-- Table structure for table `token`
--

CREATE TABLE `token` (
  `user_id` int(11) NOT NULL,
  `code` varchar(32) COLLATE utf8_unicode_ci NOT NULL,
  `created_at` int(11) NOT NULL,
  `type` smallint(6) NOT NULL
) ENGINE=InnoDB DEFAULT CHARSET=utf8 COLLATE=utf8_unicode_ci;

-- --------------------------------------------------------

--
-- Table structure for table `user`
--

CREATE TABLE `user` (
  `id` int(11) NOT NULL,
  `username` varchar(255) COLLATE utf8_unicode_ci NOT NULL,
  `email` varchar(255) COLLATE utf8_unicode_ci NOT NULL,
  `password_hash` varchar(60) COLLATE utf8_unicode_ci NOT NULL,
  `auth_key` varchar(32) COLLATE utf8_unicode_ci NOT NULL,
  `confirmed_at` int(11) DEFAULT NULL,
  `unconfirmed_email` varchar(255) COLLATE utf8_unicode_ci DEFAULT NULL,
  `blocked_at` int(11) DEFAULT NULL,
  `registration_ip` varchar(45) COLLATE utf8_unicode_ci DEFAULT NULL,
  `created_at` int(11) NOT NULL,
  `updated_at` int(11) NOT NULL,
  `flags` int(11) NOT NULL DEFAULT '0',
  `last_login_at` int(11) DEFAULT NULL,
  `status` int(11) NOT NULL,
  `password_reset_token` int(11) NOT NULL,
  `section` int(11) NOT NULL
) ENGINE=InnoDB DEFAULT CHARSET=utf8 COLLATE=utf8_unicode_ci;

--
-- Dumping data for table `user`
--

INSERT INTO `user` (`id`, `username`, `email`, `password_hash`, `auth_key`, `confirmed_at`, `unconfirmed_email`, `blocked_at`, `registration_ip`, `created_at`, `updated_at`, `flags`, `last_login_at`, `status`, `password_reset_token`, `section`) VALUES
(1, 'admin', 'p-wachirapong@celco.co.th', '$2y$12$98NrqAxyixkPy.ayG6yDneqRYBPLc4WbKn.d3s1Oe/..FYrygIqQ6', '9VmYD6b48JbU_y_CWykjn3GXe_IJmpTM', 1540517048, NULL, NULL, '::1', 1540516996, 1540516996, 0, 1542767895, 0, 0, 1),
(2, 'sittichai', 'c-sitichai@celco.co.th', '$2y$12$gl0naK7Or5kMNUxDmo1vtu1fvmd60z5zD5p7dNavvJHrA.oRcB7rC', '5gZ3Kt8I-KIq7FhfpOTsxde0i1awIpo0', 1540520604, NULL, NULL, '::1', 1540520604, 1542600436, 0, 1540527484, 0, 0, 2),
(3, 'smt_01', 'smt01@celco.co.th', '$2y$12$t8OilA9ReRv8wzcAsy8OiO2ngSjEjVHBVG1s8naRKpOGqRi5w0Ivm', 'ps2Se05ZNQUzRdl7bc5nKb5tysIvhKzp', 1540538305, NULL, NULL, '::1', 1540538305, 1542600443, 0, 1542767760, 0, 0, 3),
(4, 'qc_01', 'qc-01@celco.co.th', '$2y$12$pymvBWHQvVhVBlttTts/HOvIdgPoHgNQRTpb9D8VSuQhPmqrjgckK', 'iY6XtkxJG_cbPf6LKTPZakt-Qz0gwl5h', 1540538336, NULL, NULL, '::1', 1540538336, 1542600425, 0, 1542083985, 0, 0, 4);

--
-- Indexes for dumped tables
--

--
-- Indexes for table `auth_assignment`
--
ALTER TABLE `auth_assignment`
  ADD PRIMARY KEY (`item_name`,`user_id`);

--
-- Indexes for table `auth_item`
--
ALTER TABLE `auth_item`
  ADD PRIMARY KEY (`name`),
  ADD KEY `rule_name` (`rule_name`) USING BTREE,
  ADD KEY `idx-auth_item-type` (`type`) USING BTREE;

--
-- Indexes for table `auth_item_child`
--
ALTER TABLE `auth_item_child`
  ADD PRIMARY KEY (`parent`,`child`),
  ADD KEY `child` (`child`) USING BTREE;

--
-- Indexes for table `auth_rule`
--
ALTER TABLE `auth_rule`
  ADD PRIMARY KEY (`name`);

--
-- Indexes for table `check_status`
--
ALTER TABLE `check_status`
  ADD PRIMARY KEY (`id`);

--
-- Indexes for table `confirm_detail`
--
ALTER TABLE `confirm_detail`
  ADD PRIMARY KEY (`id`),
  ADD KEY `fk_qc_confirm_detail_qc_confirm1_idx` (`qc_confirm_idqc_confirm`),
  ADD KEY `fk_qc_confirm_detail_check_status1_idx` (`check_feeder`),
  ADD KEY `fk_confirm_detail_check_status1_idx` (`check_part`);

--
-- Indexes for table `confirm_start`
--
ALTER TABLE `confirm_start`
  ADD PRIMARY KEY (`id`),
  ADD KEY `fk_qc_confirm_start_program1_idx` (`start_program_id`);

--
-- Indexes for table `confirm_type`
--
ALTER TABLE `confirm_type`
  ADD PRIMARY KEY (`id`);

--
-- Indexes for table `customer`
--
ALTER TABLE `customer`
  ADD PRIMARY KEY (`id`);

--
-- Indexes for table `direction`
--
ALTER TABLE `direction`
  ADD PRIMARY KEY (`id`);

--
-- Indexes for table `feeder`
--
ALTER TABLE `feeder`
  ADD PRIMARY KEY (`id`),
  ADD KEY `fk_feeder_direction1_idx` (`direction_id`),
  ADD KEY `fk_feeder_table_machine1_idx` (`table_machine_id`),
  ADD KEY `fk_feeder_machine1_idx` (`machine_id`),
  ADD KEY `fk_feeder_Line1_idx` (`Line_id`),
  ADD KEY `fk_feeder_feeder_point1_idx` (`feeder_point_id`);

--
-- Indexes for table `feeder_point`
--
ALTER TABLE `feeder_point`
  ADD PRIMARY KEY (`id`);

--
-- Indexes for table `item`
--
ALTER TABLE `item`
  ADD PRIMARY KEY (`part_no`),
  ADD KEY `part_type` (`part_type`);

--
-- Indexes for table `joid_part`
--
ALTER TABLE `joid_part`
  ADD PRIMARY KEY (`id`),
  ADD KEY `check_feeder` (`check_feeder`),
  ADD KEY `check_part` (`check_part`),
  ADD KEY `qc_status_id` (`qc_status_id`),
  ADD KEY `item_id` (`item_id`),
  ADD KEY `start_detail_id` (`start_detail_id`);

--
-- Indexes for table `line`
--
ALTER TABLE `line`
  ADD PRIMARY KEY (`id`);

--
-- Indexes for table `machine`
--
ALTER TABLE `machine`
  ADD PRIMARY KEY (`id`),
  ADD KEY `fk_machine_Line_idx` (`Line_id`);

--
-- Indexes for table `member`
--
ALTER TABLE `member`
  ADD PRIMARY KEY (`MemberID`),
  ADD UNIQUE KEY `Username` (`Username`),
  ADD UNIQUE KEY `Email` (`Email`);

--
-- Indexes for table `migration`
--
ALTER TABLE `migration`
  ADD PRIMARY KEY (`version`);

--
-- Indexes for table `models_line`
--
ALTER TABLE `models_line`
  ADD PRIMARY KEY (`id`),
  ADD KEY `fk_models_line_models_p1_idx` (`models_p_id`),
  ADD KEY `fk_models_line_Line1_idx` (`Line_id`);

--
-- Indexes for table `models_p`
--
ALTER TABLE `models_p`
  ADD PRIMARY KEY (`id`),
  ADD KEY `fk_models_p_customer1_idx` (`customer_id`);

--
-- Indexes for table `part_type`
--
ALTER TABLE `part_type`
  ADD PRIMARY KEY (`id`);

--
-- Indexes for table `pcb`
--
ALTER TABLE `pcb`
  ADD PRIMARY KEY (`id`);

--
-- Indexes for table `post`
--
ALTER TABLE `post`
  ADD PRIMARY KEY (`id`);

--
-- Indexes for table `profile`
--
ALTER TABLE `profile`
  ADD PRIMARY KEY (`user_id`);

--
-- Indexes for table `program`
--
ALTER TABLE `program`
  ADD PRIMARY KEY (`id`),
  ADD KEY `fk_program_pcb1_idx` (`pcb_id`),
  ADD KEY `fk_program_program_status1_idx` (`program_status_id`),
  ADD KEY `fk_program_models_p1_idx` (`models_p_id`),
  ADD KEY `machine_id` (`Line_id`);

--
-- Indexes for table `program_detail`
--
ALTER TABLE `program_detail`
  ADD PRIMARY KEY (`id`),
  ADD KEY `fk_program_detail_program1_idx` (`program_id`),
  ADD KEY `feeder_id` (`table_machine_id`);

--
-- Indexes for table `program_item`
--
ALTER TABLE `program_item`
  ADD PRIMARY KEY (`id`),
  ADD KEY `fk_program_item_program_detail1_idx` (`program_detail_id`),
  ADD KEY `fk_program_item_feeder1_idx` (`feeder_id`),
  ADD KEY `item_id` (`part_no`);

--
-- Indexes for table `program_status`
--
ALTER TABLE `program_status`
  ADD PRIMARY KEY (`id`);

--
-- Indexes for table `qc_confirm`
--
ALTER TABLE `qc_confirm`
  ADD PRIMARY KEY (`id`),
  ADD KEY `check_feeder` (`check_feeder`),
  ADD KEY `check_part` (`check_part`),
  ADD KEY `start_detail_id` (`start_detail_id`),
  ADD KEY `qc_status` (`qc_status`),
  ADD KEY `confirm_type_id` (`confirm_type_id`);

--
-- Indexes for table `qc_confirm_joid`
--
ALTER TABLE `qc_confirm_joid`
  ADD PRIMARY KEY (`id`),
  ADD KEY `check_feeder` (`check_feeder`),
  ADD KEY `check_part` (`check_part`),
  ADD KEY `joid_part_id` (`joid_part_id`),
  ADD KEY `qc_status` (`qc_status`);

--
-- Indexes for table `qc_status`
--
ALTER TABLE `qc_status`
  ADD PRIMARY KEY (`id`);

--
-- Indexes for table `social_account`
--
ALTER TABLE `social_account`
  ADD PRIMARY KEY (`id`),
  ADD UNIQUE KEY `account_unique` (`provider`,`client_id`),
  ADD UNIQUE KEY `account_unique_code` (`code`),
  ADD KEY `fk_user_account` (`user_id`);

--
-- Indexes for table `start_detail`
--
ALTER TABLE `start_detail`
  ADD PRIMARY KEY (`id`),
  ADD KEY `fk_start_detail_start_program1_idx` (`start_program_id`),
  ADD KEY `fk_start_detail_check_status1_idx` (`check_feeder`),
  ADD KEY `fk_start_detail_check_status2_idx` (`check_part`),
  ADD KEY `fk_start_detail_qc_status1_idx` (`qc_status_id`),
  ADD KEY `item_id` (`part_no`),
  ADD KEY `feeder_id` (`feeder_id`);

--
-- Indexes for table `start_main`
--
ALTER TABLE `start_main`
  ADD PRIMARY KEY (`id`),
  ADD KEY `fk_start_main_customer1_idx` (`customer_id`),
  ADD KEY `fk_start_main_Line1_idx` (`Line_id`),
  ADD KEY `fk_start_main_program1_idx` (`program_id`),
  ADD KEY `models_id` (`models_id`),
  ADD KEY `program_status_id` (`program_status_id`);

--
-- Indexes for table `start_program`
--
ALTER TABLE `start_program`
  ADD PRIMARY KEY (`id`),
  ADD KEY `fk_start_program_program_detail1_idx` (`program_detail_id`),
  ADD KEY `fk_start_program_program_status1_idx` (`program_status_id`),
  ADD KEY `start_main_id` (`start_main_id`);

--
-- Indexes for table `tables`
--
ALTER TABLE `tables`
  ADD PRIMARY KEY (`id`);

--
-- Indexes for table `table_machine`
--
ALTER TABLE `table_machine`
  ADD PRIMARY KEY (`id`),
  ADD KEY `fk_table_machine_machine1_idx` (`machine_id`),
  ADD KEY `fk_table_machine_Line1_idx` (`Line_id`),
  ADD KEY `tables` (`table_id`);

--
-- Indexes for table `token`
--
ALTER TABLE `token`
  ADD UNIQUE KEY `token_unique` (`user_id`,`code`,`type`);

--
-- Indexes for table `user`
--
ALTER TABLE `user`
  ADD PRIMARY KEY (`id`),
  ADD UNIQUE KEY `user_unique_username` (`username`),
  ADD UNIQUE KEY `user_unique_email` (`email`);

--
-- AUTO_INCREMENT for dumped tables
--

--
-- AUTO_INCREMENT for table `check_status`
--
ALTER TABLE `check_status`
  MODIFY `id` int(11) NOT NULL AUTO_INCREMENT, AUTO_INCREMENT=4;

--
-- AUTO_INCREMENT for table `confirm_detail`
--
ALTER TABLE `confirm_detail`
  MODIFY `id` int(11) NOT NULL AUTO_INCREMENT;

--
-- AUTO_INCREMENT for table `confirm_start`
--
ALTER TABLE `confirm_start`
  MODIFY `id` int(11) NOT NULL AUTO_INCREMENT;

--
-- AUTO_INCREMENT for table `confirm_type`
--
ALTER TABLE `confirm_type`
  MODIFY `id` int(11) NOT NULL AUTO_INCREMENT, AUTO_INCREMENT=3;

--
-- AUTO_INCREMENT for table `customer`
--
ALTER TABLE `customer`
  MODIFY `id` int(11) NOT NULL AUTO_INCREMENT, AUTO_INCREMENT=2;

--
-- AUTO_INCREMENT for table `direction`
--
ALTER TABLE `direction`
  MODIFY `id` int(11) NOT NULL AUTO_INCREMENT, AUTO_INCREMENT=4;

--
-- AUTO_INCREMENT for table `feeder`
--
ALTER TABLE `feeder`
  MODIFY `id` int(11) NOT NULL AUTO_INCREMENT, AUTO_INCREMENT=1082;

--
-- AUTO_INCREMENT for table `feeder_point`
--
ALTER TABLE `feeder_point`
  MODIFY `id` int(11) NOT NULL AUTO_INCREMENT, AUTO_INCREMENT=28;

--
-- AUTO_INCREMENT for table `joid_part`
--
ALTER TABLE `joid_part`
  MODIFY `id` int(11) NOT NULL AUTO_INCREMENT;

--
-- AUTO_INCREMENT for table `line`
--
ALTER TABLE `line`
  MODIFY `id` int(11) NOT NULL AUTO_INCREMENT, AUTO_INCREMENT=6;

--
-- AUTO_INCREMENT for table `machine`
--
ALTER TABLE `machine`
  MODIFY `id` int(11) NOT NULL AUTO_INCREMENT, AUTO_INCREMENT=9;

--
-- AUTO_INCREMENT for table `member`
--
ALTER TABLE `member`
  MODIFY `MemberID` int(2) NOT NULL AUTO_INCREMENT, AUTO_INCREMENT=4;

--
-- AUTO_INCREMENT for table `models_line`
--
ALTER TABLE `models_line`
  MODIFY `id` int(11) NOT NULL AUTO_INCREMENT, AUTO_INCREMENT=8;

--
-- AUTO_INCREMENT for table `models_p`
--
ALTER TABLE `models_p`
  MODIFY `id` int(11) NOT NULL AUTO_INCREMENT, AUTO_INCREMENT=8;

--
-- AUTO_INCREMENT for table `part_type`
--
ALTER TABLE `part_type`
  MODIFY `id` int(11) NOT NULL AUTO_INCREMENT, AUTO_INCREMENT=3;

--
-- AUTO_INCREMENT for table `pcb`
--
ALTER TABLE `pcb`
  MODIFY `id` int(11) NOT NULL AUTO_INCREMENT, AUTO_INCREMENT=8;

--
-- AUTO_INCREMENT for table `post`
--
ALTER TABLE `post`
  MODIFY `id` int(11) NOT NULL AUTO_INCREMENT, AUTO_INCREMENT=3;

--
-- AUTO_INCREMENT for table `program`
--
ALTER TABLE `program`
  MODIFY `id` int(11) NOT NULL AUTO_INCREMENT, AUTO_INCREMENT=9;

--
-- AUTO_INCREMENT for table `program_detail`
--
ALTER TABLE `program_detail`
  MODIFY `id` int(11) NOT NULL AUTO_INCREMENT, AUTO_INCREMENT=34;

--
-- AUTO_INCREMENT for table `program_item`
--
ALTER TABLE `program_item`
  MODIFY `id` int(11) NOT NULL AUTO_INCREMENT, AUTO_INCREMENT=219;

--
-- AUTO_INCREMENT for table `program_status`
--
ALTER TABLE `program_status`
  MODIFY `id` int(11) NOT NULL AUTO_INCREMENT, AUTO_INCREMENT=5;

--
-- AUTO_INCREMENT for table `qc_confirm`
--
ALTER TABLE `qc_confirm`
  MODIFY `id` int(11) NOT NULL AUTO_INCREMENT, AUTO_INCREMENT=195;

--
-- AUTO_INCREMENT for table `qc_confirm_joid`
--
ALTER TABLE `qc_confirm_joid`
  MODIFY `id` int(11) NOT NULL AUTO_INCREMENT;

--
-- AUTO_INCREMENT for table `qc_status`
--
ALTER TABLE `qc_status`
  MODIFY `id` int(11) NOT NULL AUTO_INCREMENT, AUTO_INCREMENT=3;

--
-- AUTO_INCREMENT for table `social_account`
--
ALTER TABLE `social_account`
  MODIFY `id` int(11) NOT NULL AUTO_INCREMENT;

--
-- AUTO_INCREMENT for table `start_detail`
--
ALTER TABLE `start_detail`
  MODIFY `id` int(11) NOT NULL AUTO_INCREMENT, AUTO_INCREMENT=195;

--
-- AUTO_INCREMENT for table `start_main`
--
ALTER TABLE `start_main`
  MODIFY `id` int(11) NOT NULL AUTO_INCREMENT, AUTO_INCREMENT=15;

--
-- AUTO_INCREMENT for table `start_program`
--
ALTER TABLE `start_program`
  MODIFY `id` int(11) NOT NULL AUTO_INCREMENT, AUTO_INCREMENT=57;

--
-- AUTO_INCREMENT for table `tables`
--
ALTER TABLE `tables`
  MODIFY `id` int(11) NOT NULL AUTO_INCREMENT, AUTO_INCREMENT=8;

--
-- AUTO_INCREMENT for table `table_machine`
--
ALTER TABLE `table_machine`
  MODIFY `id` int(11) NOT NULL AUTO_INCREMENT, AUTO_INCREMENT=24;

--
-- AUTO_INCREMENT for table `user`
--
ALTER TABLE `user`
  MODIFY `id` int(11) NOT NULL AUTO_INCREMENT, AUTO_INCREMENT=5;

--
-- Constraints for dumped tables
--

--
-- Constraints for table `confirm_detail`
--
ALTER TABLE `confirm_detail`
  ADD CONSTRAINT `fk_confirm_detail_check_status1` FOREIGN KEY (`check_part`) REFERENCES `check_status` (`id`) ON DELETE NO ACTION ON UPDATE NO ACTION,
  ADD CONSTRAINT `fk_qc_confirm_detail_check_status1` FOREIGN KEY (`check_feeder`) REFERENCES `check_status` (`id`) ON DELETE NO ACTION ON UPDATE NO ACTION,
  ADD CONSTRAINT `fk_qc_confirm_detail_qc_confirm1` FOREIGN KEY (`qc_confirm_idqc_confirm`) REFERENCES `confirm_start` (`id`) ON DELETE NO ACTION ON UPDATE NO ACTION;

--
-- Constraints for table `feeder`
--
ALTER TABLE `feeder`
  ADD CONSTRAINT `fk_feeder_direction1` FOREIGN KEY (`direction_id`) REFERENCES `direction` (`id`) ON DELETE NO ACTION ON UPDATE NO ACTION,
  ADD CONSTRAINT `fk_feeder_feeder_point1` FOREIGN KEY (`feeder_point_id`) REFERENCES `feeder_point` (`id`) ON DELETE NO ACTION ON UPDATE NO ACTION,
  ADD CONSTRAINT `fk_feeder_line` FOREIGN KEY (`Line_id`) REFERENCES `line` (`id`) ON DELETE NO ACTION ON UPDATE NO ACTION,
  ADD CONSTRAINT `fk_feeder_machine1` FOREIGN KEY (`machine_id`) REFERENCES `machine` (`id`) ON DELETE NO ACTION ON UPDATE NO ACTION,
  ADD CONSTRAINT `fk_feeder_table_machine1` FOREIGN KEY (`table_machine_id`) REFERENCES `table_machine` (`id`) ON DELETE NO ACTION ON UPDATE NO ACTION;

--
-- Constraints for table `joid_part`
--
ALTER TABLE `joid_part`
  ADD CONSTRAINT `fk_join_part_check_status1_idx` FOREIGN KEY (`check_feeder`) REFERENCES `check_status` (`id`) ON DELETE NO ACTION ON UPDATE NO ACTION,
  ADD CONSTRAINT `fk_join_part_check_status2_idx` FOREIGN KEY (`check_part`) REFERENCES `check_status` (`id`) ON DELETE NO ACTION ON UPDATE NO ACTION,
  ADD CONSTRAINT `fk_join_part_qc_status1_idx` FOREIGN KEY (`qc_status_id`) REFERENCES `qc_status` (`id`) ON DELETE NO ACTION ON UPDATE NO ACTION,
  ADD CONSTRAINT `fk_start_detail_start_id1` FOREIGN KEY (`start_detail_id`) REFERENCES `start_detail` (`id`) ON DELETE NO ACTION ON UPDATE NO ACTION,
  ADD CONSTRAINT `fk_start_detail_start_item_ids` FOREIGN KEY (`item_id`) REFERENCES `item` (`part_no`) ON DELETE NO ACTION ON UPDATE NO ACTION;

--
-- Constraints for table `machine`
--
ALTER TABLE `machine`
  ADD CONSTRAINT `fk_machine_Line` FOREIGN KEY (`Line_id`) REFERENCES `line` (`id`) ON DELETE NO ACTION ON UPDATE NO ACTION;

--
-- Constraints for table `models_line`
--
ALTER TABLE `models_line`
  ADD CONSTRAINT `fk_models_line_Line1` FOREIGN KEY (`Line_id`) REFERENCES `line` (`id`) ON DELETE NO ACTION ON UPDATE NO ACTION,
  ADD CONSTRAINT `fk_models_line_models_p1` FOREIGN KEY (`models_p_id`) REFERENCES `models_p` (`id`) ON DELETE NO ACTION ON UPDATE NO ACTION;

--
-- Constraints for table `models_p`
--
ALTER TABLE `models_p`
  ADD CONSTRAINT `fk_models_p_customer1` FOREIGN KEY (`customer_id`) REFERENCES `customer` (`id`) ON DELETE NO ACTION ON UPDATE NO ACTION;

--
-- Constraints for table `profile`
--
ALTER TABLE `profile`
  ADD CONSTRAINT `fk_user_profile` FOREIGN KEY (`user_id`) REFERENCES `user` (`id`) ON DELETE CASCADE;

--
-- Constraints for table `program`
--
ALTER TABLE `program`
  ADD CONSTRAINT `fk_program_Line` FOREIGN KEY (`Line_id`) REFERENCES `models_line` (`id`) ON DELETE NO ACTION ON UPDATE NO ACTION,
  ADD CONSTRAINT `fk_program_models_p1` FOREIGN KEY (`models_p_id`) REFERENCES `models_p` (`id`) ON DELETE NO ACTION ON UPDATE NO ACTION,
  ADD CONSTRAINT `fk_program_pcb1` FOREIGN KEY (`pcb_id`) REFERENCES `pcb` (`id`) ON DELETE NO ACTION ON UPDATE NO ACTION,
  ADD CONSTRAINT `fk_program_program_status1` FOREIGN KEY (`program_status_id`) REFERENCES `program_status` (`id`) ON DELETE NO ACTION ON UPDATE NO ACTION;

--
-- Constraints for table `program_detail`
--
ALTER TABLE `program_detail`
  ADD CONSTRAINT `fk_program_detail_program1` FOREIGN KEY (`program_id`) REFERENCES `program` (`id`) ON DELETE NO ACTION ON UPDATE NO ACTION,
  ADD CONSTRAINT `fk_program_detail_table_machine_id` FOREIGN KEY (`table_machine_id`) REFERENCES `table_machine` (`id`) ON DELETE NO ACTION ON UPDATE NO ACTION;

--
-- Constraints for table `program_item`
--
ALTER TABLE `program_item`
  ADD CONSTRAINT `fk_program_item_feeder` FOREIGN KEY (`feeder_id`) REFERENCES `feeder` (`id`) ON DELETE NO ACTION ON UPDATE NO ACTION,
  ADD CONSTRAINT `fk_program_item_program_detail1` FOREIGN KEY (`program_detail_id`) REFERENCES `program_detail` (`id`) ON DELETE NO ACTION ON UPDATE NO ACTION,
  ADD CONSTRAINT `fk_program_item_program_item` FOREIGN KEY (`part_no`) REFERENCES `item` (`part_no`) ON DELETE NO ACTION ON UPDATE NO ACTION;

--
-- Constraints for table `qc_confirm`
--
ALTER TABLE `qc_confirm`
  ADD CONSTRAINT `fk_qc_confirm_feeder` FOREIGN KEY (`check_feeder`) REFERENCES `qc_status` (`id`) ON DELETE NO ACTION ON UPDATE NO ACTION,
  ADD CONSTRAINT `fk_qc_confirm_part` FOREIGN KEY (`check_part`) REFERENCES `qc_status` (`id`) ON DELETE NO ACTION ON UPDATE NO ACTION,
  ADD CONSTRAINT `fk_qc_confirm_start_detail` FOREIGN KEY (`start_detail_id`) REFERENCES `start_detail` (`id`) ON DELETE NO ACTION ON UPDATE NO ACTION,
  ADD CONSTRAINT `fk_qc_confirm_status` FOREIGN KEY (`qc_status`) REFERENCES `qc_status` (`id`) ON DELETE NO ACTION ON UPDATE NO ACTION,
  ADD CONSTRAINT `fk_qc_confirm_status_type` FOREIGN KEY (`confirm_type_id`) REFERENCES `confirm_type` (`id`) ON DELETE NO ACTION ON UPDATE NO ACTION;

--
-- Constraints for table `qc_confirm_joid`
--
ALTER TABLE `qc_confirm_joid`
  ADD CONSTRAINT `fk_joid_f1` FOREIGN KEY (`check_feeder`) REFERENCES `check_status` (`id`) ON DELETE NO ACTION ON UPDATE NO ACTION,
  ADD CONSTRAINT `fk_joid_f2` FOREIGN KEY (`check_part`) REFERENCES `check_status` (`id`) ON DELETE NO ACTION ON UPDATE NO ACTION,
  ADD CONSTRAINT `fk_joid_f3` FOREIGN KEY (`joid_part_id`) REFERENCES `joid_part` (`id`) ON DELETE NO ACTION ON UPDATE NO ACTION,
  ADD CONSTRAINT `fk_joid_f4` FOREIGN KEY (`qc_status`) REFERENCES `qc_status` (`id`) ON DELETE NO ACTION ON UPDATE NO ACTION;

--
-- Constraints for table `social_account`
--
ALTER TABLE `social_account`
  ADD CONSTRAINT `fk_user_account` FOREIGN KEY (`user_id`) REFERENCES `user` (`id`) ON DELETE CASCADE;

--
-- Constraints for table `start_detail`
--
ALTER TABLE `start_detail`
  ADD CONSTRAINT `fk_start_detail_check_status1` FOREIGN KEY (`check_feeder`) REFERENCES `check_status` (`id`) ON DELETE NO ACTION ON UPDATE NO ACTION,
  ADD CONSTRAINT `fk_start_detail_check_status2` FOREIGN KEY (`check_part`) REFERENCES `check_status` (`id`) ON DELETE NO ACTION ON UPDATE NO ACTION,
  ADD CONSTRAINT `fk_start_detail_qc_status1` FOREIGN KEY (`qc_status_id`) REFERENCES `qc_status` (`id`) ON DELETE NO ACTION ON UPDATE NO ACTION,
  ADD CONSTRAINT `fk_start_detail_start_feeder` FOREIGN KEY (`feeder_id`) REFERENCES `feeder` (`id`) ON DELETE NO ACTION ON UPDATE NO ACTION,
  ADD CONSTRAINT `fk_start_detail_start_item1` FOREIGN KEY (`part_no`) REFERENCES `item` (`part_no`) ON DELETE NO ACTION ON UPDATE NO ACTION,
  ADD CONSTRAINT `fk_start_detail_start_program1` FOREIGN KEY (`start_program_id`) REFERENCES `start_program` (`id`) ON DELETE NO ACTION ON UPDATE NO ACTION;

--
-- Constraints for table `start_main`
--
ALTER TABLE `start_main`
  ADD CONSTRAINT `fk_start_main_Line1` FOREIGN KEY (`Line_id`) REFERENCES `models_line` (`id`) ON DELETE NO ACTION ON UPDATE NO ACTION,
  ADD CONSTRAINT `fk_start_main_customer1` FOREIGN KEY (`customer_id`) REFERENCES `customer` (`id`) ON DELETE NO ACTION ON UPDATE NO ACTION,
  ADD CONSTRAINT `fk_start_main_modelsP1` FOREIGN KEY (`models_id`) REFERENCES `models_p` (`id`) ON DELETE NO ACTION ON UPDATE NO ACTION,
  ADD CONSTRAINT `fk_start_main_program1` FOREIGN KEY (`program_id`) REFERENCES `program` (`id`) ON DELETE NO ACTION ON UPDATE NO ACTION,
  ADD CONSTRAINT `fk_start_main_program_status_id` FOREIGN KEY (`program_status_id`) REFERENCES `program_status` (`id`) ON DELETE NO ACTION ON UPDATE NO ACTION;

--
-- Constraints for table `start_program`
--
ALTER TABLE `start_program`
  ADD CONSTRAINT `fk_start_main_program_id` FOREIGN KEY (`start_main_id`) REFERENCES `start_main` (`id`) ON DELETE NO ACTION ON UPDATE NO ACTION,
  ADD CONSTRAINT `fk_start_program_program_detail1` FOREIGN KEY (`program_detail_id`) REFERENCES `program_detail` (`id`) ON DELETE NO ACTION ON UPDATE NO ACTION;

--
-- Constraints for table `table_machine`
--
ALTER TABLE `table_machine`
  ADD CONSTRAINT `fk_table_machine_Line1` FOREIGN KEY (`Line_id`) REFERENCES `line` (`id`) ON DELETE NO ACTION ON UPDATE NO ACTION,
  ADD CONSTRAINT `fk_table_machine_machine1` FOREIGN KEY (`machine_id`) REFERENCES `machine` (`id`) ON DELETE NO ACTION ON UPDATE NO ACTION,
  ADD CONSTRAINT `fk_table_machine_table1` FOREIGN KEY (`table_id`) REFERENCES `tables` (`id`) ON DELETE NO ACTION ON UPDATE NO ACTION;

--
-- Constraints for table `token`
--
ALTER TABLE `token`
  ADD CONSTRAINT `fk_user_token` FOREIGN KEY (`user_id`) REFERENCES `user` (`id`) ON DELETE CASCADE;
COMMIT;

/*!40101 SET CHARACTER_SET_CLIENT=@OLD_CHARACTER_SET_CLIENT */;
/*!40101 SET CHARACTER_SET_RESULTS=@OLD_CHARACTER_SET_RESULTS */;
/*!40101 SET COLLATION_CONNECTION=@OLD_COLLATION_CONNECTION */;
